anvaya_no,word,sandhied_word,morph_analysis,morph_in_context,kaaraka_sambandha,possible_relations
1.1,सर्व-,सर्व-भूतेषु,सर्व,सर्व,"कर्मधारयः,1.2","कर्मधारयः,1.2"
1.2,भूतेषु,--,भूत{नपुं;7;बहु},भूत{नपुं;7;बहु},"अधिकरणम्,4.1","अधिकरणम्,4.1#अधिकरणम्,3.1"
2.1,कः,कः,किम्{सर्वनाम;पुं;1;एक},किम्{सर्वनाम;पुं;1;एक},"कर्ता,4.1","विशेषणम्,3.1#कर्ता_बे_वेर्ब्स्,4.1"
3.1,हितः,हितः,हित{पुं;1;एक(धा1;क्त;जुहोत्यादिः)}/हित{पुं;1;एक(हि1;क्त;स्वादिः)},हित{पुं;1;एक(धा1;क्त;जुहोत्यादिः)},"विधेय_विशेषणम्,2.1","विधेय_विशेषणम्,2.1#कर्ता_बे_वेर्ब्स्,4.1"
4.1,(अस्ति),(अस्ति),अस्2{कर्तरि;लट्;प्र;एक;परस्मैपदी;अदादिः},अस्2{कर्तरि;लट्;प्र;एक;परस्मैपदी;अदादिः},"अभिहित_कर्ता,2.1",-
5.1,.,.,-,-,-,-
