anvaya_no,word,sandhied_word,morph_analysis,morph_in_context,kaaraka_sambandha,possible_relations
1.1,इक्ष्वाकु-,इक्ष्वाकु-वंश-प्रभवः,इक्ष्वाकु,इक्ष्वाकु,"षष्ठी-तत्पुरुषः,1.2","षष्ठी-तत्पुरुषः,1.2"
1.2,वंश-,--,वंश,वंश,"षष्ठी-बहुव्रीहिः,1.3","षष्ठी-बहुव्रीहिः,1.3"
1.3,प्रभवः,--,प्रभु{पुं;1;बहु}/प्रभव{पुं;1;एक},प्रभव{पुं;1;एक},"कर्म,5.1","विधेय_विशेषणम्,5.1#विधेय_विशेषणम्,2.1#कर्ता_बे_वेर्ब्स्,6.1#कर्म,2.1#कर्म,5.1"
2.1,रामः,रामः,राम{पुं;1;एक},राम{पुं;1;एक},"सञ्ज्ञा,1.3","कर्ता_बे_वेर्ब्स्,6.1#सञ्ज्ञा,1.3"
3.1,नाम,नाम,नाम{अव्य},नाम{अव्य},"सञ्ज्ञा_द्योतकः,2.1","सञ्ज्ञा_द्योतकः,2.1"
4.1,जनैः,जनैः,जन{पुं;3;बहु},जन{पुं;3;बहु},"कर्ता,5.1","कर्ता,5.1#हेतुः,6.1#हेतुः,5.1"
5.1,श्रुतः,श्रुतः,श्रुत{पुं;1;एक(श्रु1;क्त;भ्वादिः)},श्रुत{पुं;1;एक(श्रु1;क्त;भ्वादिः)},-,"विधेय_विशेषणम्,2.1#विधेय_विशेषणम्,1.3#कर्ता_बे_वेर्ब्स्,6.1"
7.1,.,.,-,-,-,-
