anvaya_no,word,sandhied_word,morph_analysis,morph_in_context,kaaraka_sambandha,possible_relations
1.1,कः,कः,किम्{सर्वनाम;पुं;1;एक},किम्{सर्वनाम;पुं;1;एक},"कर्ता,4.1","विशेषणम्,3.3#कर्ता_बे_वेर्ब्स्,4.1"
2.1,च,च,च{अव्य},च{अव्य},"सम्बन्धः,1.1","सम्बन्धः,1.1"
3.1,एक-,एक-प्रिय-दर्शनः,एक,एक,"षष्ठी_बहुव्रीहिः,3.2","षष्ठी_बहुव्रीहिः,3.2"
3.2,प्रिय-,--,प्रिय,प्रिय,"कर्मधारयः,3.3","कर्मधारयः,3.3"
3.3,दर्शनः,--,दर्शन{पुं;1;एक},दर्शन{पुं;1;एक},"विधेय_विशेषणम्,1.1","विधेय_विशेषणम्,1.1#कर्ता_बे_वेर्ब्स्,4.1"
4.1,(अस्ति),(अस्ति),अस्2{कर्तरि;लट्;प्र;एक;परस्मैपदी;अदादिः},अस्2{कर्तरि;लट्;प्र;एक;परस्मैपदी;अदादिः},"अभिहित_कर्ता,1.1",-
5.1,.,.,-,-,-,-
