anvaya_no,word,sandhied_word,morph_analysis,morph_in_context,kaaraka_sambandha,possible_relations
1.1,कस्य(कस्मात्),कस्य,किम्{सर्वनाम;पुं;6;एक}/किम्{सर्वनाम;नपुं;6;एक},किम्{सर्वनाम;पुं;6;एक},"अपादानम्,2.1","विशेषणम्,5.2#षष्ठीसम्बन्धः,6.1#षष्ठीसम्बन्धः,5.2#षष्ठीसम्बन्धः,3.1#सम्बन्धः,3.1#अपादानम्,2.1"
2.1,बिभ्यति,बिभ्यति,भी1{कर्तरि;लट्;प्र;बहु;परस्मैपदी;जुहोत्यादिः}/बिभ्यत्{पुं;7;एक(भी1;शतृ_लट्;जुहोत्यादिः)}/बिभ्यत्{नपुं;1;बहु(भी1;शतृ_लट्;जुहोत्यादिः)}/बिभ्यत्{नपुं;2;बहु(भी1;शतृ_लट्;जुहोत्यादिः)}/बिभ्यत्{नपुं;7;एक(भी1;शतृ_लट्;जुहोत्यादिः)},भी1{कर्तरि;लट्;प्र;बहु;परस्मैपदी;जुहोत्यादिः},-,"सुप्_समुच्चितः,3.1"
3.1,देवाः,देवाः,देव{पुं;1;बहु}/देव{पुं;8;बहु},देव{पुं;1;बहु},"कर्ता,2.1","कर्ता,2.1"
4.1,च,च,च{अव्य},च{अव्य},"सम्बन्धः,3.1","सुप्_समुच्चय_द्योतकः,3.1#सम्बन्धः,3.1"
5.1,जात-,जात-रोषस्य,जात(जन्2;क्त;दिवादिः),जात(जन्2;क्त;दिवादिः),"बहुव्रीहिः,5.2","बहुव्रीहिः,5.2"
5.2,रोषस्य,--,रोष{पुं;6;एक}/रोष{नपुं;6;एक},रोष{पुं;6;एक},"षष्ठीसम्बन्धः,6.1","विशेषणम्,1.1#षष्ठीसम्बन्धः,6.1#षष्ठीसम्बन्धः,3.1"
6.1,संयुगे,संयुगे,संयुग{पुं;7;एक},संयुग{पुं;7;एक},"अधिकरणम्,2.1","अधिकरणम्,5.1#अधिकरणम्,2.1"
7.1,.,.,-,-,-,-
