anvaya_no,word,sandhied_word,morph_analysis,morph_in_context,kaaraka_sambandha,possible_relations
1.1,चारित्रेण,चारित्रेण,चारित्र{नपुं;3;एक},चारित्र{नपुं;3;एक},"सहार्थः,4.1","सहार्थः,4.1#कर्ता,4.1#करणम्,4.1#हेतुः,5.1#हेतुः,4.1"
2.1,च,च,च{अव्य},च{अव्य},"सम्बन्धः,1.1","सम्बन्धः,1.1"
3.1,कः,कः,किम्{सर्वनाम;पुं;1;एक},किम्{सर्वनाम;पुं;1;एक},"कर्ता,5.1","विशेषणम्,4.1#कर्ता_बे_वेर्ब्स्,5.1"
4.1,युक्तः,युक्तः,युज्{अव्य;तसिल्}/युक्त{पुं;1;एक(युज्1;क्त;दिवादिः)}/युक्त{पुं;1;एक(युज्2;क्त;रुधादिः)},युक्त{पुं;1;एक(युज्2;क्त;रुधादिः)},"विधेय_विशेषणम्,3.1","विधेय_विशेषणम्,3.1#कर्ता_बे_वेर्ब्स्,5.1#हेतुः5,5.1"
5.1,(अस्ति),(अस्ति),अस्2{कर्तरि;लट्;प्र;एक;परस्मैपदी;अदादिः},अस्2{कर्तरि;लट्;प्र;एक;परस्मैपदी;अदादिः},"अभिहित_कर्ता,4.1",-
6.1,.,.,-,-,-,-
