anvaya_no,word,sandhied_word,morph_analysis,morph_in_context,kaaraka_sambandha,possible_relations
1.1,परम्,परं,परम्{अव्य}/पर{सर्वनाम;पुं;2;एक}/पर{सर्वनाम;नपुं;1;एक}/पर{सर्वनाम;नपुं;2;एक},पर{सर्वनाम;नपुं;1;एक},"विशेषणम्,2.1","विशेषणम्,2.1#विधेय_विशेषणम्,2.1#कर्ता_बे_वेर्ब्स्,5.1"
2.1,कौतूहलम्,कौतूहलं,कौतूहल{नपुं;1;एक}/कौतूहल{नपुं;2;एक},कौतूहल{नपुं;1;एक},"कर्ता,5.1","कर्ता_बे_वेर्ब्स्,5.1"
3.1,हि,हि,हि{अव्य},हि{अव्य},"कारण_द्योतकः,5.1","कारण_द्योतकः,5.1"
4.1,मे,मे,अस्मद्{सर्वनाम;6;एक}/अस्मद्{सर्वनाम;4;एक},अस्मद्{सर्वनाम;4;एक},"प्रयोजनम्,5.1","प्रयोजनम्1,5.1#षष्ठीसम्बन्धः,2.1#षष्ठीसम्बन्धः,1.1"
5.1,(अस्ति),(अस्ति),अस्2{कर्तरि;लट्;प्र;एक;परस्मैपदी;अदादिः},अस्2{कर्तरि;लट्;प्र;एक;परस्मैपदी;अदादिः},"अभिहित_कर्ता,2.1",-
6.1,.,.,-,-,-,-
