anvaya_no,word,sandhied_word,morph_analysis,morph_in_context,kaaraka_sambandha,possible_relations
1.1,महर्षे,महर्षे,महर्षि{पुं;8;एक},महर्षि{पुं;8;एक},"सम्बोध्यः,4.1","सम्बोध्यः,4.1"
2.1,त्वम्,त्वं,युष्मद्{सर्वनाम;1;एक},युष्मद्{सर्वनाम;1;एक},"कर्ता,4.1","कर्ता_बे_वेर्ब्स्,4.1"
3.1,समर्थः,समर्थः,समर्थ{पुं;1;एक},समर्थ{पुं;1;एक},"विधेय_विशेषणम्,2.1","विधेय_विशेषणम्,2.1"
4.1,असि,असि,अस्2{कर्तरि;लट्;म;एक;परस्मैपदी;अदादिः},अस्2{कर्तरि;लट्;म;एक;परस्मैपदी;अदादिः},"अभिहित_कर्ता,2.1;सकर्मक",-
5.1,ज्ञातुम्,ज्ञातुम्,ज्ञा1{अव्य;तुमुन्;क्र्यादिः},ज्ञा1{अव्य;तुमुन्;क्र्यादिः},"प्रयोजनम्,3.1","प्रयोजनम्1,3.1"
6.1,एवम्-,एवं-विधं,एवं,एवं,"षष्ठी-बहुव्रीहिः,6.2","षष्ठी-बहुव्रीहिः,6.2"
6.2,विधम्,--,विध{पुं;2;एक}/विध{नपुं;1;एक}/विध{नपुं;2;एक},विध{पुं;2;एक},"विशेषणम्,7.1","कर्म,5.1#विधेय_विशेषणम्,2.1#विशेषणम्,7.1"
7.1,नरम्,नरम्,नृ{पुं;2;एक}/नर{पुं;2;एक},नृ{पुं;2;एक},"कर्म,5.1","कर्म,5.1"
8.1,.,.,-,-,-,-
