anvaya_no,word,sandhied_word,morph_analysis,morph_in_context,kaaraka_sambandha,possible_relations
1.1,विद्वान्,विद्वान्,विद्वस्{पुं;1;एक},विद्वस्{पुं;1;एक},"विधेय_विशेषणम्,2.1","विधेय_विशेषणम्,2.1#कर्ता_बे_वेर्ब्स्,3.1"
2.1,कः,कः,किम्{सर्वनाम;पुं;1;एक},किम्{सर्वनाम;पुं;1;एक},"कर्ता,3.1","विशेषणम्,1.1#कर्ता_बे_वेर्ब्स्,3.1"
3.1,(अस्ति),(अस्ति),अस्2{कर्तरि;लट्;प्र;एक;परस्मैपदी;अदादिः},अस्2{कर्तरि;लट्;प्र;एक;परस्मैपदी;अदादिः},"अभिहित_कर्ता,2.1",-
4.1,.,.,-,-,-,-
