anvaya_no,word,sandhied_word,morph_analysis,morph_in_context,kaaraka_sambandha,possible_relations
1.1,जित-,जित-क्रोधः,जित,जित,"बहुव्रीहिः,1.2","बहुव्रीहिः,1.2"
1.2,क्रोधः,--,क्रोध{पुं;1;एक},क्रोध{पुं;1;एक},"समुच्चितः,2.1","सुप्_समुच्चितः,2.1#कर्ता_बे_वेर्ब्स्,5.1"
2.1,द्युतिमान्,द्युतिमान्,द्युति{मतुप्;पुं;1;एक},द्युति{मतुप्;पुं;1;एक},"विधेय_विशेषणम्,4.1","विधेय_विशेषणम्,4.1#विधेय_विशेषणम्,1.2#कर्ता_बे_वेर्ब्स्,5.1"
3.1,(च),(च),च{अव्य},च{अव्य},"समुच्चय_द्योतकः,2.1","सुप्_समुच्चय_द्योतकः,2.1#सम्बन्धः,2.1"
4.1,(कः),(कः),किम्{सर्वनाम;पुं;1;एक},किम्{सर्वनाम;पुं;1;एक},"कर्ता,5.1","विशेषणम्,1.2#कर्ता_बे_वेर्ब्स्,5.1"
5.1,(अस्ति),(अस्ति),अस्2{कर्तरि;लट्;प्र;एक;परस्मैपदी;अदादिः},अस्2{कर्तरि;लट्;प्र;एक;परस्मैपदी;अदादिः},"अभिहित_कर्ता,4.1",-
6.1,.,.,-,-,-,-
