anvaya_no,word,sandhied_word,morph_analysis,morph_in_context,kaaraka_sambandha,possible_relations
1.1,एतत्,एतद्,एतद्{सर्वनाम;नपुं;1;एक}/एतद्{सर्वनाम;नपुं;2;एक},एतद्{सर्वनाम;नपुं;2;एक},"कर्म,4.1","कर्म,4.1#कर्म,2.1#विशेषणम्,3.1"
2.1,इच्छामि,इच्छामि,इष्2{कर्तरि;लट्;उ;एक;परस्मैपदी;तुदादिः},इष्2{कर्तरि;लट्;उ;एक;परस्मैपदी;तुदादिः},"अभिहित_कर्ता,3.1;सकर्मक",-
3.1,अहम्,अहं,अस्मद्{सर्वनाम;1;एक},अस्मद्{सर्वनाम;1;एक},"कर्ता,2.1","कर्ता,2.1"
4.1,श्रोतुम्,श्रोतुं,श्रु1{अव्य;तुमुन्;भ्वादिः},श्रु1{अव्य;तुमुन्;भ्वादिः},"तुमुन्कर्म,2.1","इष्कर्म,2.1#तुमुन्कर्म,2.1"
5.1,.,.,-,-,-,-
