anvaya_no,word,sandhied_word,morph_analysis,morph_in_context,kaaraka_sambandha,possible_relations
2.1,त्वया,--,युष्मद्{सर्वनाम;3;एक},युष्मद्{सर्वनाम;3;एक},"कर्ता,3.1","कर्ता,3.1#हेतुः,3.1"
3.1,कीर्तिताः,--,कीर्तित{पुं;1;बहु(कीर्त्1{क्त;भ्वादिः)}/कीर्तित{पुं;1;बहु(कॄत्1;क्त;चुरादिः)}/कीर्तिता{स्त्री;1;बहु(कॄत्1;क्त;चुरादिः)}/कीर्तिता{स्त्री;2;बहु(कॄत्1;क्त;चुरादिः)},कीर्तित{पुं;1;बहु(कॄत्1;क्त;चुरादिः)},-,-
4.1,गुणाः,--,गुण{पुं;1;बहु}/गुणा{स्त्री;1;बहु}/गुणा{स्त्री;2;बहु}/गुण{पुं;8;बहु},गुण{पुं;1;बहु},"कर्म,3.1","सम्बोध्यः,3.1#कर्म,3.1#विशेषणम्,3.1#विशेषणम्,1.1"
5.1,.,-,-,-,-,-
