anvaya_no,word,sandhied_word,morph_analysis,morph_in_context,kaaraka_sambandha,possible_relations
1.1,(सः),(सः),तद्{सर्वनाम;पुं;1;एक},तद्{सर्वनाम;पुं;1;एक},"कर्ता,6.1","विशेषणम्,4.1#सुप्_समुच्चितः,4.1#कर्ता_बे_वेर्ब्स्,6.1"
2.1,द्युतिमान्,द्युतिमान्,द्युति{मतुप्;पुं;1;एक},द्युति{मतुप्;पुं;1;एक},"समुच्चितः,4.1","विधेय_विशेषणम्,1.1#विशेषणम्,4.1#सुप्_समुच्चितः,4.1#कर्ता_बे_वेर्ब्स्,6.1"
3.1,धृतिमान्,धृतिमान्,धृति{मतुप्;पुं;1;एक},धृति{मतुप्;पुं;1;एक},"समुच्चितः,4.1","विधेय_विशेषणम्,2.1#विधेय_विशेषणम्,1.1#विशेषणम्,4.1#सुप्_समुच्चितः,4.1#कर्ता_बे_वेर्ब्स्,6.1"
4.1,वशी,वशी,वशि{पुं;1;द्वि}/वशि{पुं;2;द्वि}/वशिन्{पुं;1;एक}/वशि{पुं;8;द्वि},वशिन्{पुं;1;एक},"विधेय_विशेषणम्,1.1","सम्बोध्यः,6.1#विधेय_विशेषणम्,3.1#विधेय_विशेषणम्,2.1#विधेय_विशेषणम्,1.1#कर्ता_बे_वेर्ब्स्,6.1"
5.1,(च),(च),च{अव्य},च{अव्य},"समुच्चय_द्योतकः,4.1","सुप्_समुच्चय_द्योतकः,4.1#सम्बन्धः,4.1"
6.1,(अस्ति),(अस्ति),अस्2{कर्तरि;लट्;प्र;एक;परस्मैपदी;अदादिः},अस्2{कर्तरि;लट्;प्र;एक;परस्मैपदी;अदादिः},"अभिहित_कर्ता,1.1",-
7.1,.,.,-,-,-,-
