anvaya_no,word,sandhied_word,morph_analysis,morph_in_context,kaaraka_sambandha,possible_relations
1.1,(सः),(सः),तद्{सर्वनाम;पुं;1;एक},तद्{सर्वनाम;पुं;1;एक},"कर्ता,5.1","विशेषणम्,3.2#विशेषणम्,2.2#सुप्_समुच्चितः,3.2#कर्ता_बे_वेर्ब्स्,5.1"
2.1,आजानु-,आजानु-बाहुः,आजानु,आजानु,"षष्ठी-बहुव्रीहिः,2.2","षष्ठी-बहुव्रीहिः,2.2"
2.2,बाहुः,--,बाहु{पुं;1;एक},बाहु{पुं;1;एक},"समुच्चितः,3.2","विधेय_विशेषणम्,3.2#विधेय_विशेषणम्,1.1#सुप्_समुच्चितः,3.2#कर्ता_बे_वेर्ब्स्,5.1"
3.1,सु-,सु-शिराः,सु,सु,"बहुव्रीहिः,3.2","बहुव्रीहिः,3.2"
3.2,शिराः,--,शिर{पुं;1;बहु}/शिर{पुं;8;बहु}/शिरा{स्त्री;8;बहु}/शिरा{स्त्री;1;बहु}/शिरा{स्त्री;2;बहु}/शिरस्{पुं;1;एक},शिरस्{पुं;1;एक},"विधेय_विशेषणम्,1.1","विधेय_विशेषणम्,2.2#विधेय_विशेषणम्,1.1#कर्ता_बे_वेर्ब्स्,5.1#सम्बोध्यः,5.1"
4.1,(च),(च),च{अव्य},च{अव्य},"समुच्चय_द्योतकः,3.2","सुप्_समुच्चय_द्योतकः,3.2#सम्बन्धः,3.2"
5.1,(अस्ति),(अस्ति),अस्2{कर्तरि;लट्;प्र;एक;परस्मैपदी;अदादिः},अस्2{कर्तरि;लट्;प्र;एक;परस्मैपदी;अदादिः},"अभिहित_कर्ता,1.1",-
6.1,.,.,-,-,-,-
