anvaya_no,word,sandhied_word,morph_analysis,morph_in_context,kaaraka_sambandha,possible_relations
1.1,(सः),(सः),तद्{सर्वनाम;पुं;1;एक},तद्{सर्वनाम;पुं;1;एक},"कर्ता,5.1","विशेषणम्,3.3#सुप्_समुच्चितः,3.3#कर्ता_बे_वेर्ब्स्,5.1"
2.1,प्रतिभानवान्,प्रतिभानवान्,प्रतिभानवत्{पुं;1;एक(प्रति_भा;ल्युट्;मतुप्)},प्रतिभानवत्{पुं;1;एक(प्रति_भा;ल्युट्;मतुप्)},"समुच्चितः,3.3","विधेय_विशेषणम्,1.1#विशेषणम्,3.3#सुप्_समुच्चितः,3.3#कर्ता_बे_वेर्ब्स्,5.1"
3.1,सर्व-,सर्व-लोक-प्रियः,सर्व,सर्व,"कर्मधारयः,3.2","कर्मधारयः,3.2"
3.2,लोक-,--,लोक,लोक,"षष्ठी-बहुव्रीहिः,3.3","षष्ठी-बहुव्रीहिः,3.3"
3.3,प्रियः,--,प्रिय{पुं;1;एक},प्रिय{पुं;1;एक},"विधेय_विशेषणम्,1.1","विधेय_विशेषणम्,2.1#विधेय_विशेषणम्,1.1#कर्ता_बे_वेर्ब्स्,5.1"
4.1,(च),(च),च{अव्य},च{अव्य},"समुच्चय_द्योतकः,3.3","सुप्_समुच्चय_द्योतकः,3.3#सम्बन्धः,3.3"
5.1,(अस्ति),(अस्ति),अस्2{कर्तरि;लट्;प्र;एक;परस्मैपदी;अदादिः},अस्2{कर्तरि;लट्;प्र;एक;परस्मैपदी;अदादिः},"अभिहित_कर्ता,1.1",-
6.1,.,.,-,-,-,-
