anvaya_no,word,sandhied_word,morph_analysis,morph_in_context,kaaraka_sambandha,possible_relations
1.1,(सः),(सः),तद्{सर्वनाम;पुं;1;एक},तद्{सर्वनाम;पुं;1;एक},"कर्ता,5.1","कर्ता_बे_वेर्ब्स्,5.1"
2.1,धैर्येण,--,धैर्य{नपुं;3;एक},धैर्य{नपुं;3;एक},"?,5.1","हेतुः,5.1#विषयाधिकरणम्,5.1"
3.1,हिमवान्,--,हिम{मतुप्;पुं;1;एक},हिम{मतुप्;पुं;1;एक},"उपमानम्,1.1","विधेय_विशेषणम्,1.1#उपमानम्,1.1#कर्ता_बे_वेर्ब्स्,5.1"
4.1,इव,--,इव{अव्य},इव{अव्य},"उपमान_द्योतकः,3.1","उपमान_द्योतकः,3.1"
5.1,(अस्ति),--,अस्2{कर्तरि;लट्;प्र;एक;परस्मैपदी;अदादिः},अस्2{कर्तरि;लट्;प्र;एक;परस्मैपदी;अदादिः},"अभिहित_कर्ता,1.1",-
6.1,.,-,-,-,-,-
