anvaya_no,word,sandhied_word,morph_analysis,morph_in_context,kaaraka_sambandha,possible_relations
1.1,(सः),(सः),तद्{सर्वनाम;पुं;1;एक},तद्{सर्वनाम;पुं;1;एक},"कर्ता,5.1","विशेषणम्,3.2#विशेषणम्,2.1#कर्ता_बे_वेर्ब्स्,5.1"
2.1,यशस्वी,यशस्वी,यशस्विन्{पुं;1;एक},यशस्विन्{पुं;1;एक},"समुच्चितः,3.2","विधेय_विशेषणम्,3.2#विधेय_विशेषणम्,1.1#कर्ता_बे_वेर्ब्स्,5.1#समुच्चितः,3.2"
3.1,ज्ञान-,ज्ञान-सम्पन्नः,ज्ञान,ज्ञान,"तृतीया-तत्पुरुषः,3.2","तृतीया-तत्पुरुषः,3.2"
3.2,सम्पन्नः,--,सम्पन्न{पुं;1;एक(सम्_पद्1;क्त;दिवादिः)},सम्पन्न{पुं;1;एक(सम्_पद्1;क्त;दिवादिः)},"विधेय_विशेषणम्,1.1","विधेय_विशेषणम्,2.1#विधेय_विशेषणम्,1.1#कर्ता_बे_वेर्ब्स्,5.1#समुच्चितः,1.1#समुच्चितः,2.1#समुच्चितः,2.1"
4.1,(च),(च),च{अव्य},च{अव्य},"समुच्चय_द्योतकः,3.2","सम्बन्धः,3.2#समुच्चय_द्योतकः,3.2"
5.1,(अस्ति),(अस्ति),अस्2{कर्तरि;लट्;प्र;एक;परस्मैपदी;अदादिः},अस्2{कर्तरि;लट्;प्र;एक;परस्मैपदी;अदादिः},"अभिहित_कर्ता,1.1",-
6.1,.,.,-,-,-,-
