anvaya_no,word,sandhied_word,morph_analysis,morph_in_context,kaaraka_sambandha,possible_relations
1.1,(सः),(सः),तद्{सर्वनाम;पुं;1;एक},तद्{सर्वनाम;पुं;1;एक},"कर्ता,6.1","विशेषणम्,5.1#कर्ता_बे_वेर्ब्स्,6.1"
2.1,प्रजानाम्,प्रजानां,प्रजा{स्त्री;6;बहु},प्रजा{स्त्री;6;बहु},"षष्ठीसम्बन्धः,4.1","षष्ठीसम्बन्धः,4.1"
3.1,च,च,च{अव्य},च{अव्य},"सम्बन्धः,2.1","सम्बन्धः,2.1"
4.1,हिते,हिते,हित{नपुं;1;द्वि(धा1;क्त;जुहोत्यादिः)}/हित{नपुं;2;द्वि(धा1;क्त;जुहोत्यादिः)}/हिता{स्त्री;1;द्वि(धा1;क्त;जुहोत्यादिः)}/हिता{स्त्री;2;द्वि(धा1;क्त;जुहोत्यादिः)}/हित{नपुं;1;द्वि(हि1;क्त;स्वादिः)}/हित{नपुं;2;द्वि(हि1;क्त;स्वादिः)}/हिता{स्त्री;1;द्वि(हि1;क्त;स्वादिः)}/हिता{स्त्री;2;द्वि(हि1;क्त;स्वादिः)}/हित{नपुं;7;एक(हि1;क्त;स्वादिः)},हित{नपुं;7;एक(हि1;क्त;स्वादिः)},"अधिकरणम्,5.1","गतिकर्म,5.1"
5.1,रतः,रतः,रत{पुं;1;एक(रम्1;क्त;भ्वादिः)},रत{पुं;1;एक(रम्1;क्त;भ्वादिः)},"विधेय_विशेषणम्,1.1","विधेय_विशेषणम्,1.1#कर्ता_बे_वेर्ब्स्,6.1"
6.1,(अस्ति),(अस्ति),अस्2{कर्तरि;लट्;प्र;एक;परस्मैपदी;अदादिः},अस्2{कर्तरि;लट्;प्र;एक;परस्मैपदी;अदादिः},"अभिहित_कर्ता,1.1;सकर्मक",-
7.1,.,.,-,-,-,-
