anvaya_no,word,sandhied_word,morph_analysis,morph_in_context,kaaraka_sambandha,possible_relations
1.1,(सः),(सः),तद्{सर्वनाम;पुं;1;एक},तद्{सर्वनाम;पुं;1;एक},"कर्ता,4.1","विशेषणम्,2.2#कर्ता_बे_वेर्ब्स्,4.1"
2.1,कालाग्नि-,कालाग्नि-सदृशः,कालाग्नि,कालाग्नि,"कर्मधारयः,2.2","कर्मधारयः,2.2"
2.2,सदृशः,--,सदृश्{पुं;1;बहु}/सदृश्{पुं;2;बहु}/सदृश्{पुं;5;एक}/सदृश्{पुं;6;एक}/सदृश्{नपुं;1;बहु}/सदृश्{नपुं;2;बहु}/सदृश्{नपुं;5;एक}/सदृश्{नपुं;6;एक}/सदृश{पुं;1;एक}/सदृश्{पुं;8;बहु}/सदृश्{नपुं;8;बहु},सदृश{पुं;1;एक},"विधेय_विशेषणम्,1.1","सम्बोध्यः,4.1#विधेय_विशेषणम्,1.1#विशेषणम्,4.1#षष्ठीसम्बन्धः,3.1#हेतुः5,4.1"
3.1,क्रोधे,क्रोधे,क्रोध{पुं;7;एक}/क्रोध{नपुं;7;एक},क्रोध{पुं;7;एक},"अधिकरणम्,4.1","अधिकरणम्,4.1"
4.1,(अस्ति),(अस्ति),अस्2{कर्तरि;लट्;प्र;एक;परस्मैपदी;अदादिः},अस्2{कर्तरि;लट्;प्र;एक;परस्मैपदी;अदादिः},"अभिहित_कर्ता,1.1",-
5.1,.,.,-,-,-,-
