anvaya_no,word,sandhied_word,morph_analysis,morph_in_context,kaaraka_sambandha,possible_relations
1.1,(सः),(सः),तद्{सर्वनाम;पुं;1;एक},तद्{सर्वनाम;पुं;1;एक},"कर्ता,5.1","विशेषणम्,3.1#कर्ता_बे_वेर्ब्स्,5.1"
2.1,धनदेन,धनदेन,धनद{पुं;3;एक}/धनद{नपुं;3;एक},धनद{पुं;3;एक},"तुलना_बिन्दुः,3.1","तुलना_बिन्दुः,3.1#हेतुः,5.1"
3.1,समः,समः,सम{पुं;1;एक}/सम{सर्वनाम;पुं;1;एक},सम{सर्वनाम;पुं;1;एक},"विधेय_विशेषणम्,1.1","विधेय_विशेषणम्,1.1"
4.1,त्यागे,त्यागे,त्याग{पुं;7;एक},त्याग{पुं;7;एक},"अधिकरणम्,5.1","विषयाधिकरणम्,3.1#अधिकरणम्,5.1"
5.1,(अस्ति),(अस्ति),अस्2{कर्तरि;लट्;प्र;एक;परस्मैपदी;अदादिः},अस्2{कर्तरि;लट्;प्र;एक;परस्मैपदी;अदादिः},"अभिहित_कर्ता,1.1",-
6.1,.,.,-,-,-,-
