anvaya_no,word,sandhied_word,morph_analysis,morph_in_context,kaaraka_sambandha,possible_relations
1.1,मही-,मही-पतिः,मही,मही,"षष्ठी-तत्पुरुषः,1.2","षष्ठी-तत्पुरुषः,1.2"
1.2,पतिः,--,पति{पुं;1;एक},पति{पुं;1;एक},"विशेषणम्,2.1","सुप्_समुच्चितः,13.1#कर्ता,20.1#अभेदः,2.1#विशेषणम्,2.1"
2.1,दशरथः,दशरथः,दशरथ{पुं;1;एक},दशरथ{पुं;1;एक},"कर्ता,20.1","सुप्_समुच्चितः,13.1#कर्ता,20.1"
3.1,तम्,तम्,तद्{सर्वनाम;पुं;2;एक},तद्{सर्वनाम;पुं;2;एक},"विशेषणम्,13.1","विशेषणम्,15.1#विशेषणम्,13.1#विशेषणम्,12.1#विशेषणम्,11.1#विशेषणम्,10.1#विशेषणम्,7.1#विशेषणम्,5.2#विशेषणम्,4.3#सुप्_समुच्चितः,13.1#कर्म,20.1#कर्म,19.1#कर्म,13.1"
4.1,एवम्-,एवं-गुण-सम्पन्नं,एवं,एवं,"कर्मधारयः,4.2","कर्मधारयः,4.2"
4.2,गुण-,--,गुण,गुण,"तृतीया-तत्पुरुषः,4.3","तृतीया-तत्पुरुषः,4.3"
4.3,सम्पन्नम्,--,सम्पन्न{पुं;2;एक(सम्_पद्1;क्त;दिवादिः)}/सम्पन्न{नपुं;1;एक(सम्_पद्1;क्त;दिवादिः)}/सम्पन्न{नपुं;2;एक(सम्_पद्1;क्त;दिवादिः)},सम्पन्न{पुं;2;एक(सम्_पद्1;क्त;दिवादिः)},"विशेषणम्,15.1","विशेषणम्,13.1#विशेषणम्,12.1#विशेषणम्,11.1#विशेषणम्,10.1#विशेषणम्,7.1#विशेषणम्,5.2#कर्म,20.1#कर्म,19.1#कर्म,13.1#विशेषणम्,15.1"
5.1,सत्य-,--,सत्य,सत्य,"षष्ठी-बहुव्रीहिः,5.2","षष्ठी-बहुव्रीहिः,5.2"
5.2,पराक्रमम्,--,पराक्रम{पुं;2;एक}/पराक्रम{नपुं;1;एक}/पराक्रम{नपुं;2;एक},पराक्रम{पुं;2;एक},"विशेषणम्,15.1","विशेषणम्,13.1#विशेषणम्,12.1#विशेषणम्,11.1#विशेषणम्,10.1#विशेषणम्,7.1#सुप्_समुच्चितः,13.1#कर्म,20.1#कर्म,19.1#कर्म,13.1#विशेषणम्,15.1"
6.1,ज्येष्ठ-,--,ज्येष्ठ,ज्येष्ठ,"कर्मधारयः,6.2","कर्मधारयः,6.2"
6.2,गुणैः,--,गुण{पुं;3;बहु}/गुण{नपुं;3;बहु},गुण{पुं;3;बहु},"सहार्थः,7.1","विशेषणम्,9.1#सहार्थः,10.1#सहार्थः,7.1#कर्ता,10.1#कर्ता,9.1#कर्ता,7.1#करणम्,10.1#करणम्,7.1#हेतुः,20.1#हेतुः,19.1#हेतुः,16.3#हेतुः,13.1#हेतुः,10.1#हेतुः,9.1#हेतुः,7.1"
7.1,युक्तम्,--,युक्त{पुं;2;एक(युज्1;क्त;दिवादिः)}/युक्त{नपुं;1;एक(युज्1;क्त;दिवादिः)}/युक्त{नपुं;2;एक(युज्1;क्त;दिवादिः)}/युक्त{पुं;2;एक(युज्2;क्त;रुधादिः)}/युक्त{नपुं;1;एक(युज्2;क्त;रुधादिः)}/युक्त{नपुं;2;एक(युज्2;क्त;रुधादिः)},युक्त{पुं;2;एक(युज्2;क्त;रुधादिः)},"विशेषणम्,15.1","विशेषणम्,13.1#विशेषणम्,12.1#विशेषणम्,11.1#कर्म,20.1#कर्म,19.1#कर्म,13.1#विशेषणम्,15.1"
8.1,प्रकृतीनां,--,प्रकृति{स्त्री;6;बहु},प्रकृति{स्त्री;6;बहु},"षष्ठीसम्बन्धः,9.1","कर्ता,16.3#कर्म,19.1#कर्म,16.3#षष्ठीसम्बन्धः,18.1#षष्ठीसम्बन्धः,17.1#षष्ठीसम्बन्धः,15.1#षष्ठीसम्बन्धः,10.1#षष्ठीसम्बन्धः,9.1#षष्ठीसम्बन्धः,6.2#षष्ठीसम्बन्धः,5.2"
9.1,हितैः,--,हित{पुं;3;बहु(धा1;क्त;जुहोत्यादिः)}/हित{नपुं;3;बहु(धा1;क्त;जुहोत्यादिः)}/हित{पुं;3;बहु(हि1;क्त;स्वादिः)}/हित{नपुं;3;बहु(हि1;क्त;स्वादिः)},हित{पुं;3;बहु(धा1;क्त;जुहोत्यादिः)},"सहार्थः,10.1","सहार्थः,10.1#कर्ता,10.1#करणम्,10.1#हेतुः,20.1#हेतुः,19.1#हेतुः,16.3#हेतुः,13.1#हेतुः,10.1"
10.1,युक्तम्,--,युक्त{पुं;2;एक(युज्1;क्त;दिवादिः)}/युक्त{नपुं;1;एक(युज्1;क्त;दिवादिः)}/युक्त{नपुं;2;एक(युज्1;क्त;दिवादिः)}/युक्त{पुं;2;एक(युज्2;क्त;रुधादिः)}/युक्त{नपुं;1;एक(युज्2;क्त;रुधादिः)}/युक्त{नपुं;2;एक(युज्2;क्त;रुधादिः)},युक्त{पुं;2;एक(युज्2;क्त;रुधादिः)},"विशेषणम्,15.1","विशेषणम्,13.1#विशेषणम्,12.1#विशेषणम्,11.1#कर्म,20.1#कर्म,19.1#कर्म,13.1#विशेषणम्,15.1"
11.1,प्रियम्,--,प्रिय{पुं;2;एक}/प्रिय{नपुं;1;एक}/प्रिय{नपुं;2;एक},प्रिय{पुं;2;एक},"विशेषणम्,13.1","विशेषणम्,13.1#विशेषणम्,12.1#सुप्_समुच्चितः,13.1#कर्म,20.1#कर्म,19.1#कर्म,13.1#विशेषणम्,15.1"
12.1,ज्येष्ठम्,--,ज्येष्ठ{पुं;2;एक}/ज्येष्ठ{नपुं;1;एक}/ज्येष्ठ{नपुं;2;एक},ज्येष्ठ{पुं;2;एक},"विशेषणम्,13.1","विशेषणम्,13.1#सुप्_समुच्चितः,13.1#कर्म,20.1#कर्म,19.1#कर्म,13.1#विशेषणम्,15.1"
13.1,सुतम्,--,षु2{कर्तरि;लोट्;म;द्वि;परस्मैपदी;अदादिः}/सुत{पुं;2;एक}/सुत{नपुं;1;एक}/सुत{नपुं;2;एक},सुत{पुं;2;एक},"अभेदः,15.1","कर्म,20.1#कर्म,19.1#अभेदः,15.1"
14.1,(च),--,च{अव्य},च{अव्य},"सम्बन्धः,13.1","सुप्_समुच्चय_द्योतकः,13.1#सम्बन्धः,13.1"
15.1,रामम्,--,राम{पुं;2;एक},राम{पुं;2;एक},"कर्म,19.1","सुप्_समुच्चितः,13.1#कर्म,20.1#कर्म,19.1"
16.1,प्रकृति-,--,प्रकृति,प्रकृति,"षष्ठी-तत्पुरुषः,16.2","षष्ठी-तत्पुरुषः,16.2"
16.2,प्रिय-,--,प्रिय,प्रिय,"उपपद-तत्पुरुषः,16.3","उपपद-तत्पुरुषः,16.3"
16.3,काम्यया,--,काम्या{स्त्री;3;एक(कम्1;ण्यत्;भ्वादिः)},काम्या{स्त्री;3;एक(कम्1;ण्यत्;भ्वादिः)},"हेतुः,19.1","हेतुः,20.1#हेतुः,19.1"
17.1,प्रीत्या,--,प्रीति{स्त्री;3;एक},प्रीति{स्त्री;3;एक},"हेतुः,19.1","हेतुः,20.1#हेतुः,19.1"
18.1,यौवराज्येन,--,यौवराज्य{नपुं;3;एक},यौवराज्य{नपुं;3;एक},"सहार्थः,19.1","हेतुः,20.1#हेतुः,19.1#सहार्थः,19.1"
19.1,संयोक्तुम्,--,सम्_युज्1{अव्य;तुमुन्;दिवादिः},सम्_युज्1{अव्य;तुमुन्;दिवादिः},"तुमुन्कर्म,20.1","इष्कर्म,20.1#तुमुन्कर्म,20.1"
20.1,ऐच्छत्,--,इष्2{कर्तरि;लङ्;प्र;एक;परस्मैपदी;तुदादिः},इष्2{कर्तरि;लङ्;प्र;एक;परस्मैपदी;तुदादिः},"अभिहित_कर्ता,2.1;सकर्मक",-
21.1,.,-,-,-,-,-
