anvaya_no,word,sandhied_word,morph_analysis,morph_in_context,kaaraka_sambandha,possible_relations
1.1,(सः),(सः),तद्{सर्वनाम;पुं;1;एक},तद्{सर्वनाम;पुं;1;एक},"कर्ता,5.1","विशेषणम्,2.1#कर्ता_बे_वेर्ब्स्,5.1"
2.1,समुद्रः,समुद्रः,समुद्र{पुं;1;एक},समुद्र{पुं;1;एक},"उपमानम्,1.1","विधेय_विशेषणम्,1.1#उपमानम्,4.1#उपमानम्,1.1#कर्ता_बे_वेर्ब्स्,5.1"
3.1,इव,इव,इव{अव्य},इव{अव्य},"उपमान_द्योतकः,2.1","उपमान_द्योतकः,4.1#उपमान_द्योतकः,2.1"
4.1,गाम्भीर्ये,गाम्भीर्ये,गाम्भीर्य{नपुं;1;द्वि}/गाम्भीर्य{नपुं;2;द्वि}/गाम्भीर्य{नपुं;8;द्वि}/गाम्भीर्य{नपुं;7;एक},गाम्भीर्य{नपुं;7;एक},"विषयाधिकरणम्,5.1","अधिकरणम्,5.1#उपमानम्,1.1#विषयाधिकरणम्,5.1"
5.1,(अस्ति),(अस्ति,अस्2{कर्तरि;लट्;प्र;एक;परस्मैपदी;अदादिः},अस्2{कर्तरि;लट्;प्र;एक;परस्मैपदी;अदादिः},"अभिहित_कर्ता,1.1",-
6.1,.,.,-,-,-,-
