anvaya_no,word,sandhied_word,morph_analysis,morph_in_context,kaaraka_sambandha,possible_relations
1.1,विवासनम्,विवासनं,विवासन{नपुं;1;एक}/विवासन{नपुं;2;एक}/विवासन{नपुं;2;एक(वि_वस्;णिच्;ल्युट्;भ्वादिः)},विवासन{नपुं;2;एक(वि_वस्;णिच्;ल्युट्;भ्वादिः)},-,-
2.1,च,च,च{अव्य},च{अव्य},"समुच्चय_द्योतकः,1.1","सुप्_समुच्चय_द्योतकः,1.1#सम्बन्धः,1.1"
3.1,रामस्य,रामस्य,राम{पुं;6;एक},राम{पुं;6;एक},"षष्ठीसम्बन्धः,1.1","विशेषणम्,4.1#षष्ठीसम्बन्धः,5.1#षष्ठीसम्बन्धः,1.1"
4.1,भरतस्य,भरतस्य,भरत{पुं;6;एक},भरत{पुं;6;एक},"षष्ठीसम्बन्धः,5.1","विशेषणम्,3.1#षष्ठीसम्बन्धः,5.1#षष्ठीसम्बन्धः,1.1"
5.1,अभिषेचनम्,अभिषेचनम्,अभिषेचन{नपुं;1;एक}/अभिषेचन{नपुं;2;एक}/अभिषेचन{नपुं;2;एक(अभि_सिच्;ल्युट्;तुदादिः)},अभिषेचन{नपुं;2;एक(अभि_सिच्;ल्युट्;तुदादिः)},"समुच्चितः,1.1","सुप्_समुच्चितः,1.1"
6.1,.,.,-,-,-,-
