anvaya_no,word,sandhied_word,morph_analysis,morph_in_context,kaaraka_sambandha,possible_relations
1.1,त्वम्,त्वम्,युष्मद्{सर्वनाम;1;एक},युष्मद्{सर्वनाम;1;एक},"कर्ता,5.1","कर्ता_बे_वेर्ब्स्,5.1"
2.1,एव,एव,एव{अव्य},एव{अव्य},"सम्बन्धः,1.1","सम्बन्धः,1.1"
3.1,राजा,राजा,राजन्{पुं;1;एक},राजन्{पुं;1;एक},"विशेषणम्,1.1","विधेय_विशेषणम्,1.1#कर्ता,9.1"
4.1,धर्मज्ञः,धर्मज्ञः,धर्मज्ञ{पुं;1;एक},धर्मज्ञ{पुं;1;एक},"विधेय_विशेषणम्,1.1","विधेय_विशेषणम्,1.1#विशेषणम्,8.1#विशेषणम्,3.1#कर्ता,9.1"
5.1,(असि),असि,अस्2{कर्तरि;लट्;म;एक;परस्मैपदी;अदादिः},अस्2{कर्तरि;लट्;म;एक;परस्मैपदी;अदादिः},"वाक्यार्थः,8.1","वाक्यार्थः,8.1#वाक्यकर्म,9.1"
6.1,इति,इति,इति{अव्य},इति{अव्य},"वाक्यार्थ_द्योतकः,5.1","वाक्यकर्म_द्योतकः,5.1#वाक्यार्थ_द्योतकः,5.1"
7.1,रामम्,रामं,राम{पुं;2;एक},राम{पुं;2;एक},"कर्म,9.1","मुख्यकर्म,9.1#गौणकर्म,9.1"
8.1,वचः,वचः,वच{पुं;1;एक}/वचस्{नपुं;1;एक}/वचस्{नपुं;2;एक}/वचस्{नपुं;8;एक},वचस्{नपुं;2;एक},"कर्म,9.1","मुख्यकर्म,9.1#कर्मसमानाधिकरणम्,7.1#विशेषणम्,1.1#कर्ता,9.1"
9.1,अब्रवीत्,अब्रवीत्,ब्रू1{कर्तरि;लङ्;प्र;एक;परस्मैपदी;अदादिः},ब्रू1{कर्तरि;लङ्;प्र;एक;परस्मैपदी;अदादिः},-,-
10.1,.,.,-,-,-,-
