anvaya_no,word,sandhied_word,morph_analysis,morph_in_context,kaaraka_sambandha,possible_relations
1.1,सः,सः,तद्{सर्वनाम;पुं;1;एक},तद्{सर्वनाम;पुं;1;एक},"कर्ता,2.1","विशेषणम्,5.3#विशेषणम्,4.1#कर्ता,2.1"
2.1,जगाम,जगाम,गम्1{कर्तरि;लिट्;प्र;एक;परस्मैपदी;भ्वादिः}/गम्1{कर्तरि;लिट्;उ;एक;परस्मैपदी;भ्वादिः},गम्1{कर्तरि;लिट्;प्र;एक;परस्मैपदी;भ्वादिः},"अभिहित_कर्ता,4.1;सकर्मक",-
3.1,वनम्,वनं,वन{नपुं;1;एक}/वन{नपुं;2;एक},वन{नपुं;2;एक},"कर्म,2.1","कर्म,2.1#कर्ता,2.1"
4.1,वीरः,वीरः,वीर{पुं;1;एक},वीर{पुं;1;एक},"विशेषणम्,1.1","विशेषणम्,5.3#विशेषणम्,1.1#कर्ता,2.1"
5.1,राम-,राम-पाद-प्रसादकः,राम,राम,"षष्ठी-तत्पुरुषः,5.2","षष्ठी-तत्पुरुषः,5.2"
5.2,पाद-,--,पाद,पाद,"उपपद-तत्पुरुषः,5.3","उपपद-तत्पुरुषः,5.3"
5.3,प्रसादकः,--,प्रसादक{पुं;1;एक},प्रसादक{पुं;1;एक},"विशेषणम्,1.1","विशेषणम्,4.1#विशेषणम्,1.1#कर्ता,2.1"
6.1,.,.,-,-,-,-
