anvaya_no,word,sandhied_word,morph_analysis,morph_in_context,kaaraka_sambandha,possible_relations
1.1,वार्यमाणः,वार्यमाणः,वार्यमाण{पुं;1;एक(वृ1;णिच्;शानच्_लट्;कर्मणि},वार्यमाण{पुं;1;एक(वृ1;णिच्;शानच्_लट्;कर्मणि},"कर्ता,6.1","कर्ता,6.1"
2.1,सु-,सु-बहुशः,सु,सु,"अव्ययीभावः,2.2","अव्ययीभावः,2.2"
2.2,बहुशः,--,बहुशः{अव्य},बहुशः{अव्य},"क्रियाविशेषणम्,1.1","क्रियाविशेषणम्,1.1"
3.1,मारीचेन,मारीचेन,मारीच{पुं;3;एक},मारीच{पुं;3;एक},"प्रयोजककर्ता,1.1","हेतुः,6.1#प्रयोजककर्ता,1.1"
4.1,सः,सः,तद्{सर्वनाम;पुं;1;एक},तद्{सर्वनाम;पुं;1;एक},"विशेषणम्,5.1","विशेषणम्,5.1#कर्ता_बे_वेर्ब्स्,6.1"
5.1,रावणः,रावणः,रावण{पुं;1;एक},रावण{पुं;1;एक},"प्रयोज्यकर्ता,1.1","विधेय_विशेषणम्,4.1#कर्ता_बे_वेर्ब्स्,6.1#प्रयोज्यकर्ता,1.1"
6.1,(आसीत्),(आसीत्),अस्2{कर्तरि;लङ्;प्र;एक;परस्मैपदी;अदादिः},अस्2{कर्तरि;लङ्;प्र;एक;परस्मैपदी;अदादिः},"अभिहित_कर्ता,1.1",-
7.1,.,.,-,-,-,-
