anvaya_no,word,sandhied_word,morph_analysis,morph_in_context,kaaraka_sambandha,possible_relations
1.1,ततः,ततः,ततः{अव्य},ततः{अव्य},"सम्बन्धः,5.2","सम्बन्धः,5.2#कार्य_द्योतकः,5.2#अपादानम्,3.1"
2.1,ज्ञाति-,ज्ञाति-वधं,ज्ञाति,ज्ञाति,"षष्ठी-तत्पुरुषः,2.2","षष्ठी-तत्पुरुषः,2.2"
2.2,वधम्,--,वध{पुं;2;एक}/वध{नपुं;1;एक}/वध{नपुं;2;एक},वध{पुं;2;एक},"कर्म,3.1","कर्म,3.1"
3.1,श्रुत्वा,श्रुत्वा,श्रु1{अव्य;क्त्वा;भ्वादिः},श्रु1{अव्य;क्त्वा;भ्वादिः},"पूर्वकालः,5.2","पूर्वकालः,5.2"
4.1,रावणः,रावणः,रावण{पुं;1;एक},रावण{पुं;1;एक},"कर्ता,5.2;कर्ता,3.1","कर्ता,5.2"
5.1,क्रोध-,क्रोध-मूर्छितः,क्रोध,क्रोध,"तृतीया-तत्पुरुषः,5.2","तृतीया-तत्पुरुषः,5.2"
5.2,मूर्छितः,--,मूर्छित{पुं;1;एक(मुर्छ्1;क्त;भ्वादिः)},मूर्छित{पुं;1;एक(मुर्छ्1;क्त;भ्वादिः)},-,-
6.1,.,.,-,-,-,-
