anvaya_no,word,sandhied_word,morph_analysis,morph_in_context,kaaraka_sambandha,possible_relations
1.1,सहायम्,सहायं,सहाय{पुं;2;एक},सहाय{पुं;2;एक},"कर्म,2.1","मुख्यकर्म,2.1#गौणकर्म,2.1"
2.1,वरयामास,वरयामास,वृ2{कर्तरि;लिट्;प्र;एक;परस्मैपदी;अदादिः},वृ2{कर्तरि;लिट्;प्र;एक;परस्मैपदी;अदादिः},-,-
3.1,मारीचम्,मारीचं,मारीच{पुं;2;एक},मारीच{पुं;2;एक},"सञ्ज्ञा,5.1","सञ्ज्ञा,5.1#मुख्यकर्म,2.1#गौणकर्म,2.1"
4.1,नाम,नाम,नाम{अव्य},नाम{अव्य},"सञ्ज्ञा_द्योतकः,3.1","सञ्ज्ञा_द्योतकः,3.1"
5.1,राक्षसम्,राक्षसम्,राक्षस{पुं;2;एक},राक्षस{पुं;2;एक},"कर्म,2.1","मुख्यकर्म,2.1#गौणकर्म,2.1"
6.1,.,.,-,-,-,-
