anvaya_no,word,sandhied_word,morph_analysis,morph_in_context,kaaraka_sambandha,possible_relations
1.1,सः,सः,तद्{सर्वनाम;पुं;1;एक},तद्{सर्वनाम;पुं;1;एक},"कर्ता,2.1","विशेषणम्,5.2#विशेषणम्,3.2#कर्ता,2.1"
2.1,अभ्यगच्छत्,अभ्यगच्छत्,अभि_गम्1{कर्तरि;लङ्;प्र;एक;परस्मैपदी;भ्वादिः},अभि_गम्1{कर्तरि;लङ्;प्र;एक;परस्मैपदी;भ्वादिः},"अभिहित_कर्ता,1.1;सकर्मक",-
3.1,महा-,महा-तेजाः,महा}/महत्,महत्,"षष्ठी-बहुव्रीहिः,3.2","षष्ठी-बहुव्रीहिः,3.2"
3.2,तेजाः,--,तेजस्{पुं;1;एक},तेजस्{पुं;1;एक},"विशेषणम्,1.1","विशेषणम्,5.2#विशेषणम्,1.1#कर्ता,2.1"
4.1,शबरीम्,शबरीं,शबरी{स्त्री;2;एक},शबरी{स्त्री;2;एक},"कर्म,2.1","कर्म,2.1"
5.1,शत्रु-,शत्रु-सूदनः,शत्रु,शत्रु,"षष्ठी-बहुव्रीहिः,5.2","षष्ठी-बहुव्रीहिः,5.2"
5.2,सूदनः,--,सूदन{पुं;1;एक},सूदन{पुं;1;एक},"विशेषणम्,1.1","विशेषणम्,3.2#विशेषणम्,1.1#कर्ता,2.1"
6.1,.,.,-,-,-,-
