anvaya_no,word,sandhied_word,morph_analysis,morph_in_context,kaaraka_sambandha,possible_relations
1.1,न,न,न{अव्य},न{अव्य},"प्रतिषेधः,4.1","प्रतिषेधः,6.1#प्रतिषेधः,4.1"
2.1,विरोधः,विरोधः,विरोध{पुं;1;एक}/विरोध{पुं;1;एक(वि_रुध्1;घञ्;रुधादिः)},विरोध{पुं;1;एक},"कर्ता,4.1","कर्ता,4.1"
3.1,बलवता,बलवता,बल{मतुप्;पुं;3;एक}/बल{मतुप्;नपुं;3;एक},बल{मतुप्;पुं;3;एक},"विशेषणम्,6.1","हेतुः,6.1#हेतुः,2.1#विशेषणम्,6.1"
4.1,क्षमः,क्षमः,क्षम{पुं;1;एक(क्षम्1;अच्;भ्वादिः)},क्षम{पुं;1;एक(क्षम्1;अच्;भ्वादिः)},-,-
5.1,रावण,रावण,रावण{पुं;8;एक},रावण{पुं;8;एक},"सम्बोध्यः,4.1","सम्बोध्यः,4.1"
6.1,तेन,तेन,तद्{सर्वनाम;पुं;3;एक}/तद्{सर्वनाम;नपुं;3;एक}/तन्1{कर्तरि;लिट्;म;बहु;परस्मैपदी;तनादिः},तद्{सर्वनाम;पुं;3;एक},"सहार्थः,2.1","करणम्_वीप्सा,7.1#हेतुः,2.1#सहार्थः,2.1"
7.1,ते,ते,तद्{सर्वनाम;पुं;1;बहु}/तद्{सर्वनाम;नपुं;1;द्वि}/तद्{सर्वनाम;नपुं;2;द्वि}/तद्{सर्वनाम;स्त्री;1;द्वि}/तद्{सर्वनाम;स्त्री;2;द्वि}/युष्मद्{सर्वनाम;6;एक}/युष्मद्{सर्वनाम;4;एक},युष्मद्{सर्वनाम;6;एक},"षष्ठीसम्बन्धः,2.1","प्रयोजनम्1,6.1#प्रयोजनम्1,2.1#षष्ठीसम्बन्धः,5.1#षष्ठीसम्बन्धः,4.1#षष्ठीसम्बन्धः,3.1#षष्ठीसम्बन्धः,2.1#कर्म,6.1"
8.1,.,.,-,-,-,-
