anvaya_no,word,sandhied_word,morph_analysis,morph_in_context,kaaraka_sambandha,possible_relations
1.1,तम्,तं,तद्{सर्वनाम;पुं;2;एक},तद्{सर्वनाम;पुं;2;एक},"कर्म,2.1;कर्म,4.1","कर्म,4.1#कर्म,2.1"
2.1,निहत्य,निहत्य,नि_हन्1{अव्य;ल्यप्;अदादिः},नि_हन्1{अव्य;ल्यप्;अदादिः},"पूर्वकालः,4.1","पूर्वकालः,4.1"
3.1,महा-,महा-बाहुः,महा}/महत्,महा,"षष्ठी-बहुव्रीहिः,3.2","षष्ठी-बहुव्रीहिः,3.2"
3.2,बाहुः,--,बाहु{पुं;1;एक},बाहु{पुं;1;एक},"कर्ता,4.1;कर्ता,2.1","कर्ता,4.1"
4.1,ददाह,ददाह,दह्1{कर्तरि;लिट्;प्र;एक;परस्मैपदी;भ्वादिः}/दह्1{कर्तरि;लिट्;उ;एक;परस्मैपदी;भ्वादिः},दह्1{कर्तरि;लिट्;प्र;एक;परस्मैपदी;भ्वादिः},"अभिहित_कर्ता,3.2;सकर्मक",-
5.1,.,.,-,-,-,-
