anvaya_no,word,sandhied_word,morph_analysis,morph_in_context,kaaraka_sambandha,possible_relations
1.1,स्वर्,स्वर्,स्वर्{अव्य},स्वर्{अव्य},"कर्म,2.1","गतिकर्म,2.1"
2.1,गतः,गतः,गत{पुं;1;एक(गम्1;क्त;भ्वादिः)},गत{पुं;1;एक(गम्1;क्त;भ्वादिः)},-,-
3.1,च,च,च{अव्य},च{अव्य},"सम्बन्धः,2.1","सम्बन्धः,2.1"
4.1,सः,सः,तद्{सर्वनाम;पुं;1;एक},तद्{सर्वनाम;पुं;1;एक},"कर्ता,2.1","विशेषणम्,2.1#गतिकर्ता,2.1"
5.1,.,.,-,-,-,-
