anvaya_no,word,sandhied_word,morph_analysis,morph_in_context,kaaraka_sambandha,possible_relations
1.1,शबर्या,शबर्या,शबरी{स्त्री;3;एक},शबरी{स्त्री;3;एक},"कर्ता,2.1","कर्ता,2.1#हेतुः,2.1"
2.1,पूजितः,पूजितः,पूजित{पुं;1;एक(पूज्1;क्त;चुरादिः)},पूजित{पुं;1;एक(पूज्1;क्त;चुरादिः)},-,-
3.1,सम्यक्,सम्यक्,सम्यक्{अव्य},सम्यक्{अव्य},"क्रियाविशेषणम्,2.1","क्रियाविशेषणम्,2.1"
4.1,रामः,रामः,राम{पुं;1;एक},राम{पुं;1;एक},"कर्म,2.1","कर्म,2.1"
5.1,दशरथ-,दशरथ-आत्मजः,दशरथ,दशरथ,"षष्ठी-तत्पुरुषः,5.2","षष्ठी-तत्पुरुषः,5.2"
5.2,आत्मजः,--,आत्मज{पुं;1;एक}/आत्म-ज{पुं{1;एक},आत्म-ज{पुं;1;एक},"विशेषणम्,4.1","विशेषणम्,4.1#विशेषणम्,2.1#कर्म,2.1#अभेदः,4.1"
6.1,.,.,-,-,-,-
