anvaya_no,word,sandhied_word,morph_analysis,morph_in_context,kaaraka_sambandha,possible_relations
1.1,वालिनः,वालिनः,वालिन्{पुं;1;बहु}/वालिन्{पुं;2;बहु}/वालिन्{पुं;5;एक}/वालिन्{पुं;6;एक},वालिन्{पुं;6;एक},"षष्ठीसम्बन्धः,3.1","षष्ठीसम्बन्धः,6.1#षष्ठीसम्बन्धः,3.1#हेतुः5,5.1#अपादानम्,5.1#मुख्यकर्म,5.1#गौणकर्म,5.1"
2.1,च,च,च{अव्य},च{अव्य},"सम्बन्धः,1.1","सुप्_समुच्चय_द्योतकः,1.1#सम्बन्धः,1.1"
3.1,बलम्,बलं,बल{नपुं;1;एक}/बल{नपुं;2;एक},बल{नपुं;2;एक},"कर्म,5.1","सुप्_समुच्चितः,1.1#मुख्यकर्म,5.1#प्रयोजककर्ता,5.1#गौणकर्म,5.1"
4.1,तत्र,तत्र,तत्र{अव्य},तत्र{अव्य},"देशाधिकरणम्,5.1","देशाधिकरणम्,5.1"
5.1,कथयामास,कथयामास,कथ1{कर्तरि;लिट्;उ;एक;परस्मैपदी;चुरादिः}/कथ1{कर्तरि;लिट्;प्र;एक;परस्मैपदी;चुरादिः}/कथ1{कर्तरि;लिट्;म;बहु;परस्मैपदी;चुरादिः}/कथ1{कर्मणि;लिट्;उ;एक;आत्मनेपदी;चुरादिः}/कथ1{कर्मणि;लिट्;प्र;एक;आत्मनेपदी;चुरादिः}/कथ1{कर्मणि;लिट्;म;बहु;आत्मनेपदी;चुरादिः}/कथ1{णिजन्त;कर्तरि;लिट्;म;बहु;परस्मैपदी;चुरादिः}/कथ1{णिजन्त;कर्तरि;लिट्;म;बहु;आत्मनेपदी;चुरादिः}/कथ1{णिजन्त;कर्तरि;लिट्;प्र;एक;परस्मैपदी;चुरादिः}/कथ1{णिजन्त;कर्तरि;लिट्;प्र;एक;आत्मनेपदी;चुरादिः}/कथ1{णिजन्त;कर्तरि;लिट्;उ;एक;परस्मैपदी;चुरादिः}/कथ1{णिजन्त;कर्तरि;लिट्;उ;एक;आत्मनेपदी;चुरादिः},कथ1{कर्तरि;लिट्;प्र;एक;परस्मैपदी;चुरादिः},"अभिहित_कर्ता,6.1;सकर्मक",-
6.1,वानरः,वानरः,वानर{पुं;1;एक},वानर{पुं;1;एक},"कर्ता,5.1","कर्ता,5.1"
7.1,.,.,-,-,-,-
