anvaya_no,word,sandhied_word,morph_analysis,morph_in_context,kaaraka_sambandha,possible_relations
1.1,तेन,तेन,तद्{सर्वनाम;पुं;3;एक}/तद्{सर्वनाम;नपुं;3;एक}/तन्1{कर्तरि;लिट्;म;बहु;परस्मैपदी;तनादिः},तद्{सर्वनाम;पुं;3;एक},"विशेषणम्,2.1","विशेषणम्,3.1#हेतुः,4.1#विशेषणम्,2.1"
2.1,नादेन,नादेन,नाद{पुं;3;एक},नाद{पुं;3;एक},"हेतुः,4.1","हेतुः,4.1#हेतुः,1.1"
3.1,महता,महता,महत्{पुं;3;एक}/महत्{नपुं;3;एक},महत्{पुं;3;एक},"विशेषणम्,2.1","विशेषणम्,1.1#हेतुः,4.1#हेतुः,1.1#विशेषणम्,2.1"
4.1,निर्जगाम,निर्जगाम,निर्_गम्1{कर्तरि;लिट्;उ;एक;परस्मैपदी;भ्वादिः}/निर्_गम्1{कर्तरि{लिट्;प्र;एक;परस्मैपदी;भ्वादिः},निर्_गम्1{कर्तरि;लिट्;प्र;एक;परस्मैपदी;भ्वादिः},"अभिहित_कर्ता,5.2",-
5.1,हरि-,हरि-ईश्वरः,हरि,हरि,"षष्ठी-तत्पुरुषः,5.2","षष्ठी-तत्पुरुषः,5.2"
5.2,ईश्वरः,--,ईश्वर{पुं;1;एक},ईश्वर{पुं;1;एक},"कर्ता,4.1","कर्ता,4.1"
6.1,.,.,-,-,-,-
