anvaya_no,word,sandhied_word,morph_analysis,morph_in_context,kaaraka_sambandha,possible_relations
1.1,अनुमान्य,अनुमान्य,अनु_मन्2{अव्य;णिजन्त;ल्यप्;तनादिः},अनु_मन्2{अव्य;णिजन्त;ल्यप्;तनादिः},"पूर्वकालः,5.1","पूर्वकालः,5.1"
2.1,तदा,तदा,तदा{अव्य},तदा{अव्य},"कालाधिकरणम्,5.1","कालाधिकरणम्,5.1"
3.1,ताराम्,तारां,तारा{स्त्री;2;एक},तारा{स्त्री;2;एक},"कर्म,1.1","प्रयोज्यकर्ता,1.1#कर्म,1.1#गतिकर्म,5.1"
4.1,सुग्रीवेण,सुग्रीवेण,सुग्रीव{पुं;3;एक}/सुग्रीव{नपुं;3;एक},सुग्रीव{पुं;3;एक},"सहार्थः,5.1","सहार्थः,5.1#मध्यस्थकर्ता,1.1#हेतुः,5.1#हेतुः,1.1"
5.1,समागतः,समागतः,समागत{पुं;1;एक(सम्_आङ्_गम्1;क्त;भ्वादिः)},समागत{पुं;1;एक(सम्_आङ्_गम्1;क्त;भ्वादिः)},-,-
6.1,.,.,-,-,-,-
