anvaya_no,word,sandhied_word,morph_analysis,morph_in_context,kaaraka_sambandha,possible_relations
1.1,सुग्रीवः,सुग्रीवः,सुग्रीव{पुं;1;एक},सुग्रीव{पुं;1;एक},"कर्ता,4.1","कर्ता,4.1"
2.1,शङ्कितः,शङ्कितः,शङ्किन्{अव्य;तसिल्}/शङ्कित{पुं;1;एक(शक्1;क्त;भ्वादिः)},शङ्कित{पुं;1;एक(शक्1;क्त;भ्वादिः)},"विधेय_विशेषणम्,1.1","विधेय_विशेषणम्,1.1"
3.1,च,च,च{अव्य},च{अव्य},"सम्बन्धः,1.1","सम्बन्धः,2.1#सम्बन्धः,1.1"
4.1,आसीत्,आसीत्,अस्2{कर्तरि;लङ्;प्र;एक;परस्मैपदी;अदादिः},अस्2{कर्तरि;लङ्;प्र;एक;परस्मैपदी;अदादिः},"अभिहित_कर्ता,2.1",-
5.1,नित्यम्,नित्यं,नित्य{पुं;2;एक}/नित्य{नपुं;1;एक}/नित्य{नपुं;2;एक},नित्य{नपुं;2;एक},"क्रियाविशेषणम्,2.1","क्रियाविशेषणम्,2.1#क्रियाविशेषणम्,1.1#विधेय_विशेषणम्,2.1#कर्ता_बे_वेर्ब्स्,4.1"
6.1,वीर्येण,वीर्येण,वीर्य{नपुं;3;एक},वीर्य{नपुं;3;एक},"हेतुः,2.1","कर्ता,2.1#हेतुः,4.1#हेतुः,2.1"
7.1,राघवे,राघवे,राघव{पुं;7;एक},राघव{पुं;7;एक},"अधिकरणम्,2.1","अधिकरणम्,4.1#अधिकरणम्,2.1"
8.1,.,.,-,-,-,-
