anvaya_no,word,sandhied_word,morph_analysis,morph_in_context,kaaraka_sambandha,possible_relations
1.1,प्रतिज्ञातम्,प्रतिज्ञातं,प्रतिज्ञात{पुं;2;एक}/प्रतिज्ञात{नपुं;1;एक}/प्रतिज्ञात{नपुं;2;एक}/प्रतिज्ञात{पुं;2;एक(प्रति_ज्ञा1;क्त;क्र्यादिः)}/प्रतिज्ञात{नपुं;1;एक(प्रति_ज्ञा1;क्त;क्र्यादिः)}/प्रतिज्ञात{नपुं;2;एक(प्रति_ज्ञा1;क्त;क्र्यादिः)},प्रतिज्ञात{पुं;2;एक(प्रति_ज्ञा1;क्त;क्र्यादिः)},-,-
2.1,च,च,च{अव्य},च{अव्य},"सम्बन्धः,1.1","सुप्_समुच्चय_द्योतकः,1.1#सम्बन्धः,1.1"
3.1,रामेण,रामेण,राम{पुं;3;एक},राम{पुं;3;एक},"कर्ता,1.1","कर्ता,1.1#हेतुः,1.1"
4.1,तदा,तदा,तदा{अव्य},तदा{अव्य},"कालाधिकरणम्,1.1","कालाधिकरणम्,1.1"
5.1,वालि-,वालि-वधं,वालि,वालि,"षष्ठी-तत्पुरुषः,5.2","षष्ठी-तत्पुरुषः,5.2"
5.2,वधम्,--,वध{पुं;2;एक}/वध{नपुं;1;एक}/वध{नपुं;2;एक},वध{पुं;2;एक},"आभिमुख्यम्,1.1","विशेषणम्,1.1#उप_कर्मप्रवचनीयः,6.1#उप_आभिमुख्यम्,6.1#सुप्_समुच्चितः,1.1#कर्म,1.1#आभिमुख्यम्,1.1"
6.1,प्रति,प्रति,प्रति{अव्य},प्रति{अव्य},"आभिमुख्य_द्योतकः,1.1","आभिमुख्य_द्योतकः,1.1"
7.1,.,.,-,-,-,-
