anvaya_no,word,sandhied_word,morph_analysis,morph_in_context,kaaraka_sambandha,possible_relations
1.1,ततः,ततः,ततः{अव्य},ततः{अव्य},"सम्बन्धः,2.1","सम्बन्धः,2.1#कार्य_द्योतकः,2.1"
2.1,अगर्जत्,अगर्जत्,गर्ज्1{कर्तरि;लङ्;प्र;एक;परस्मैपदी;भ्वादिः},गर्ज्1{कर्तरि;लङ्;प्र;एक;परस्मैपदी;भ्वादिः},"अभिहित_कर्ता,4.1",-
3.1,हरि-,हरि-वरः,हरि,हरि,"षष्ठी-तत्पुरुषः,3.2","षष्ठी-तत्पुरुषः,3.2"
3.2,वरः,--,वर{पुं;1;एक},वर{पुं;1;एक},"विशेषणम्,4.1","विशेषणम्,5.2#विशेषणम्,4.1#कर्ता,2.1"
4.1,सुग्रीवः,सुग्रीवः,सुग्रीव{पुं;1;एक},सुग्रीव{पुं;1;एक},"कर्ता,2.1","कर्ता,2.1"
5.1,हेम-,हेम-पिङ्गलः,हेम}/हेमन्,हेम,"बहुव्रीहिः,5.2","बहुव्रीहिः,5.2"
5.2,पिङ्गलः,--,पिङ्गल{पुं;1;एक},पिङ्गल{पुं;1;एक},"विशेषणम्,4.1","विशेषणम्,4.1#विशेषणम्,3.2#कर्ता,2.1"
6.1,.,.,-,-,-,-
