anvaya_no,word,sandhied_word,morph_analysis,morph_in_context,kaaraka_sambandha,possible_relations
1.1,दर्शयामास,दर्शयामास,दृश्1{णिजन्त;कर्तरि;लिट्;उ;एक;परस्मैपदी;भ्वादिः}/दृश्1{णिजन्त;कर्तरि;लिट्;उ;एक;आत्मनेपदी;भ्वादिः}/दृश्1{णिजन्त;कर्तरि;लिट्;प्र;एक;परस्मैपदी;भ्वादिः}/दृश्1{णिजन्त;कर्तरि;लिट्;प्र;एक;आत्मनेपदी;भ्वादिः}/दृश्1{णिजन्त;कर्तरि;लिट्;म;बहु;परस्मैपदी;भ्वादिः}/दृश्1{णिजन्त;कर्तरि;लिट्;म;बहु;आत्मनेपदी;भ्वादिः},दृश्1{णिजन्त;कर्तरि;लिट्;प्र;एक;परस्मैपदी;भ्वादिः},"अभिहित_कर्ता,4.1;सकर्मक",-
2.1,च,च,च{अव्य},च{अव्य},"सम्बन्धः,1.1","सम्बन्धः,1.1"
3.1,आत्मानम्,आत्मानं,आत्मन्{पुं;2;एक},आत्मन्{पुं;2;एक},"कर्म,1.1","कर्म,1.1"
4.1,समुद्रः,समुद्रः,समुद्र{पुं;1;एक},समुद्र{पुं;1;एक},"प्रयोजककर्ता,1.1","प्रयोजककर्ता,1.1"
5.1,सरिताम्,सरितां,सरित्{स्त्री;6;बहु},सरित्{स्त्री;6;बहु},"षष्ठीसम्बन्धः,6.1","षष्ठीसम्बन्धः,6.1#षष्ठीसम्बन्धः,4.1#षष्ठीसम्बन्धः,3.1"
6.1,पतिः,पतिः,पति{पुं;1;एक},पति{पुं;1;एक},"विशेषणम्,4.1","प्रयोजककर्ता,1.1#अभेदः,4.1#विशेषणम्,4.1"
7.1,.,.,-,-,-,-
