anvaya_no,word,sandhied_word,morph_analysis,morph_in_context,kaaraka_sambandha,possible_relations
1.1,समुद्र-,-,समुद्र,समुद्र,"षष्ठी-तत्पुरुषः,1.2","षष्ठी-तत्पुरुषः,1.2"
1.2,वचनात्,-,वचन{नपुं;5;एक},वचन{नपुं;5;एक},"हेतुः,6.1","हेतुः,6.1"
2.1,च,-,च{अव्य},च{अव्य},"सम्बन्धः,1.2","सम्बन्धः,6.1#सम्बन्धः,1.2"
3.1,एव,-,एव{अव्य},एव{अव्य},"सम्बन्धः,2.1","सम्बन्धः,2.1"
4.1,नलम्,-,नल{पुं;2;एक},नल{पुं;2;एक},"प्रयोज्यकर्ता,6.1","प्रयोज्यकर्ता,6.1"
5.1,सेतुम्,-,सेतु{पुं;2;एक},सेतु{पुं;2;एक},"कर्म,6.1","कर्म,6.1"
6.1,अकारयत्,-,कृ3{णिच्;कर्तरि;लङ्;प्र;एक;परस्मैपदी;तनादिः},कृ3{णिच्;कर्तरि;लङ्;प्र;एक;परस्मैपदी;तनादिः}, -, -
7.1,-,-,-,-,-,-
