anvaya_no,word,sandhied_word,morph_analysis,morph_in_context,kaaraka_sambandha,possible_relations
1.1,ताम्,ताम्,तद्{सर्वनाम;स्त्री;2;एक},तद्{सर्वनाम;स्त्री;2;एक},"कर्म,2.1","मुख्यकर्म,2.1#गौणकर्म,2.1"
2.1,उवाच,उवाच,वच्1{कर्तरि;लिट्;प्र;एक;परस्मैपदी;अदादिः}/वच्1{कर्तरि;लिट्;उ;एक;परस्मैपदी;अदादिः}/ब्रू1{कर्तरि;लिट्;प्र;एक;परस्मैपदी;अदादिः}/ब्रू1{कर्तरि;लिट्;उ;एक;परस्मैपदी;अदादिः},वच्1{कर्तरि;लिट्;प्र;एक;परस्मैपदी;अदादिः},"अभिहित_कर्ता,4.1;सकर्मक",-
3.1,ततः,ततः,ततः{अव्य},ततः{अव्य},"सम्बन्धः,2.1","सम्बन्धः,2.1"
4.1,रामः,रामः,राम{पुं;1;एक},राम{पुं;1;एक},"कर्ता,2.1","कर्ता,2.1"
5.1,परुषम्,परुषं,परुष{पुं;2;एक}/परुष{नपुं;1;एक}/परुष{नपुं;2;एक},परुष{नपुं;2;एक},"कर्म,2.1","मुख्यकर्म,2.1#कर्मसमानाधिकरणम्,1.1#कर्ता,2.1#गौणकर्म,2.1"
6.1,जन-,जन-संसदि,जन,जन,"षष्ठी-तत्पुरुषः,6.2","षष्ठी-तत्पुरुषः,6.2"
6.2,संसदि,--,संसद्{स्त्री;7;एक},संसद्{स्त्री;7;एक},"अधिकरणम्,2.1","अधिकरणम्,2.1"
7.1,.,.,-,-,-,-
