anvaya_no,word,sandhied_word,morph_analysis,morph_in_context,kaaraka_sambandha,possible_relations
1.1,अ-,अ-मृष्यमाणा,अ,अ,"नञ्-तत्पुरुषः,1.2","नञ्-तत्पुरुषः,1.2"
1.2,मृष्यमाणा,--,मृष्यमाणा{स्त्री;1;एक(मृष्2;शानच्_लट्;कर्तरि;दिवादिः)}/मृष्यमाणा{स्त्री;1;एक(मृष्2;शानच्_लट्;कर्मणि;दिवादिः)},मृष्यमाणा{स्त्री;1;एक(मृष्2;शानच्_लट्;कर्मणि;दिवादिः)},"विशेषणम्,3.1","विशेषणम्,6.1#विशेषणम्,3.1#विशेषणम्,2.1#कर्ता,4.1"
2.1,सा,सा,तद्{सर्वनाम;स्त्री;1;एक},तद्{सर्वनाम;स्त्री;1;एक},"विशेषणम्,3.1","विधेय_विशेषणम्,1.2#विशेषणम्,6.1#विशेषणम्,3.1#कर्ता,4.1"
3.1,सीता,सीता,सीता{स्त्री;1;एक},सीता{स्त्री;1;एक},"कर्ता,4.1","विधेय_विशेषणम्,2.1#विधेय_विशेषणम्,1.2#कर्ता,4.1"
4.1,विवेश,विवेश,विश्1{कर्तरि;लिट्;प्र;एक;परस्मैपदी;तुदादिः}/विश्1{कर्तरि;लिट्;उ;एक;परस्मैपदी;तुदादिः},विश्1{कर्तरि;लिट्;प्र;एक;परस्मैपदी;तुदादिः},"अभिहित_कर्ता,3.1;सकर्मक",-
5.1,ज्वलनम्,ज्वलनं,ज्वलन{नपुं;1;एक(ज्वल्1;ल्युट्;भ्वादिः)}/ज्वलन{नपुं;2;एक(ज्वल्1;ल्युट्;भ्वादिः)},ज्वलन{नपुं;2;एक(ज्वल्1;ल्युट्;भ्वादिः)},"कर्म,4.1","कर्म,4.1#विधेय_विशेषणम्,3.1#विधेय_विशेषणम्,2.1#विधेय_विशेषणम्,1.2#कर्ता,4.1"
6.1,सती,सती,सती{स्त्री;1;एक}/सती{स्त्री;1;एक(अस्2;शतृ_लट्;अदादिः)},सती{स्त्री;1;एक},"विशेषणम्,3.1","वर्तमानसमानकालः,4.1#कर्ता,4.1#विशेषणम्,2.1#विशेषणम्,1.2#अभेदः,3.1#विशेषणम्,3.1"
7.1,.,.,-,-,-,-
