anvaya_no,word,sandhied_word,morph_analysis,morph_in_context,kaaraka_sambandha,possible_relations
1.1,(रामः),(रामः),राम{पुं;1;एक},राम{पुं;1;एक},"प्रयोजककर्ता,7.1","प्रयोजककर्ता,7.1"
2.1,समुद्र-,समुद्र-वचनात्,समुद्र,समुद्र,"षष्ठी-तत्पुरुषः,2.2","षष्ठी-तत्पुरुषः,2.2"
2.2,वचनात्,--,वचन{नपुं;5;एक},वचन{नपुं;5;एक},"हेतुः,7.1","हेतुः5,7.1"
3.1,च,च,च{अव्य},च{अव्य},"सम्बन्धः,2.2","सम्बन्धः,2.2"
4.1,एव,एव,एव{अव्य},एव{अव्य},"सम्बन्धः,3.1","सम्बन्धः,3.1"
5.1,नलम्,नलं,नल{पुं;2;एक},नल{पुं;2;एक},"प्रयोज्यकर्ता,7.1","प्रयोज्यकर्ता,7.1#कर्म,7.1"
6.1,सेतुम्,सेतुम्,सेतु{पुं;2;एक},सेतु{पुं;2;एक},"कर्म,7.1","विशेषणम्,5.1#प्रयोज्यकर्ता,7.1#कर्म,7.1"
7.1,अकारयत्,अकारयत्,कॄ1{णिजन्त;कर्तरि;लङ्;प्र;एक;परस्मैपदी;तुदादिः}/कृ2{णिजन्त;कर्तरि;लङ्;प्र;एक;परस्मैपदी;स्वादिः}/कृ3{णिजन्त;कर्तरि;लङ्;प्र;एक;परस्मैपदी;तनादिः},कृ3{णिजन्त;कर्तरि;लङ्;प्र;एक;परस्मैपदी;तनादिः},"अभिहित_कर्ता,1.1;सकर्मक",-
8.1,.,.,-,-,-,-
