anvaya_no,word,sandhied_word,morph_analysis,morph_in_context,kaaraka_sambandha,possible_relations
1.1,न,न,न{अव्य},न{अव्य},"प्रतिषेधः,4.1","प्रतिषेधः,4.1"
2.1,तस्कर-,तस्कर-भयं,तस्कर,तस्कर,"पञ्चमी-तत्पुरुषः,2.2","पञ्चमी-तत्पुरुषः,2.2"
2.2,भयम्,--,भय{नपुं;1;एक}/भय{नपुं;2;एक}/भय{पुं;2;एक},भय{नपुं;1;एक},"कर्ता,4.1","कर्ता_बे_वेर्ब्स्,4.1"
3.1,तथा,तथा,तथा{अव्य},तथा{अव्य},"सम्बन्धः,4.1","सम्बन्धः,4.1"
4.1,(भविष्यति),-,भू1{कर्तरि;लृट्;प्र;एक;परस्मैपदी;भ्वादिः},भू1{कर्तरि;लृट्;प्र;एक;परस्मैपदी;भ्वादिः},"अभिहित_कर्ता,2.2",-
5.1,-,-,-,-,-,-
