anvaya_no,word,sandhied_word,morph_analysis,morph_in_context,kaaraka_sambandha,possible_relations
1.1,नार्यः,नार्यः,नारी{स्त्री;1;बहु}/नारी{स्त्री;8;बहु},नारी{स्त्री;1;बहु},"कर्ता,5.1","सम्बोध्यः,5.1#कर्ता_बे_वेर्ब्स्,5.1#कर्ता,5.1"
2.1,च,च,च{अव्य},च{अव्य},"सम्बन्धः,1.1","सुप्_समुच्चय_द्योतकः,1.1#सम्बन्धः,1.1"
3.1,अविधवाः,अविधवाः,अविधवा{स्त्री;1;बहु}/अविधवा{स्त्री;2;बहु}/अविधवा{स्त्री;8;बहु},अविधवा{स्त्री;1;बहु},"विधेय_विशेषणम्,1.1","विशेषणम्,1.1#सम्बोध्यः,5.1#विशेषणम्,6.2#विधेय_विशेषणम्,6.2#विधेय_विशेषणम्,1.1#सुप्_समुच्चितः,1.1#कर्ता_बे_वेर्ब्स्,5.1"
4.1,नित्यम्,नित्यं,नित्य{पुं;2;एक}/नित्य{नपुं;1;एक}/नित्य{नपुं;2;एक},नित्य{नपुं;2;एक},"क्रियाविशेषणम्,5.1","क्रियाविशेषणम्,5.1#सुप्_समुच्चितः,1.1"
5.1,भविष्यन्ति,भविष्यन्ति,भू1{कर्तरि;लृट्;प्र;बहु;परस्मैपदी;भ्वादिः}/भविष्यत्{नपुं;1;बहु}/भविष्यत्{नपुं;2;बहु}/भविष्यत्{नपुं;8;बहु},भू1{कर्तरि;लृट्;प्र;बहु;परस्मैपदी;भ्वादिः},"अभिहित_कर्ता,1.1","सुप्_समुच्चितः,1.1"
6.1,पति-,पति-व्रताः,पति,पति,"बहुव्रीहिः,6.2","बहुव्रीहिः,6.2"
6.2,व्रताः,--,व्रत{पुं;1;बहु}/व्रत{पुं;8;बहु}/व्रता{स्त्री;8;बहु}/व्रता{स्त्री;1;बहु}/व्रता{स्त्री;2;बहु},व्रता{स्त्री;1;बहु},"विशेषणम्,1.1","विशेषणम्,3.1#विधेय_विशेषणम्,3.1#विधेय_विशेषणम्,1.1#सुप्_समुच्चितः,1.1#कर्ता_बे_वेर्ब्स्,5.1#विशेषणम्,1.1"
7.1,.,.,-,-,-,-
