anvaya_no,word,sandhied_word,morph_analysis,morph_in_context,kaaraka_sambandha,possible_relations
1.1,नित्यम्,नित्यं,नित्य{पुं;2;एक}/नित्य{नपुं;1;एक}/नित्य{नपुं;2;एक},नित्य{नपुं;2;एक},"क्रियाविशेषणम्,2.1","क्रियाविशेषणम्,7.1#क्रियाविशेषणम्,2.1#गतिकर्म,2.1"
2.1,प्रमुदिताः,प्रमुदिताः,प्रमुदित{पुं;1;बहु(प्र_मुद्1;क्त;भ्वादिः)}/प्रमुदिता{स्त्री;1;बहु(प्र_मुद्1;क्त;भ्वादिः)}/प्रमुदिता{स्त्री;2;बहु(प्र_मुद्1;क्त;भ्वादिः)},प्रमुदित{पुं;1;बहु(प्र_मुद्1;क्त;भ्वादिः)},-,"विशेषणम्,3.1"
3.1,सर्वे,सर्वे,सर्व{सर्वनाम;पुं;1;बहु}/सर्व{सर्वनाम;नपुं;1;द्वि}/सर्व{सर्वनाम;नपुं;2;द्वि}/सर्वा{सर्वनाम;स्त्री;1;द्वि}/सर्वा{सर्वनाम;स्त्री;2;द्वि},सर्व{सर्वनाम;पुं;1;बहु},"कर्ता,2.1","कर्ता,2.1#उपमानम्,5.1#गतिकर्म,2.1#विशेषणम्,5.1#विशेषणम्,2.1"
4.1,यथा,यथा,यथा{अव्य},यथा{अव्य},"क्रियाविशेषणम्,2.1;नित्य_सम्बन्धः,6.1","उपमान_द्योतकः,3.1#नित्य_सम्बन्धः,6.1#क्रियाविशेषणम्,2.1"
5.1,कृत-,कृत-युगे,कृत(कृ2;क्त;स्वादिः)}/कृत(कृ3{क्त;तनादिः),कृत(कृ2;क्त;स्वादिः),"कर्मधारयः,5.2","कर्मधारयः,5.2"
5.2,युगे,--,युग{नपुं;1;द्वि}/युग{नपुं;2;द्वि}/युग{नपुं;8;द्वि}/युग{नपुं;7;एक}/युग{पुं;7;एक}/युगा{स्त्री;8;एक}/युगा{स्त्री;8;द्वि}/युगा{स्त्री;1;द्वि}/युगा{स्त्री;2;द्वि},युग{नपुं;7;एक},"अधिकरणम्,2.1","अधिकरणम्,2.1#गतिकर्म,2.1"
6.1,तथा,तथा,तथा{अव्य},तथा{अव्य},"क्रियाविशेषणम्,7.1","क्रियाविशेषणम्,7.1#क्रियाविशेषणम्,2.1"
7.1,(भविष्यन्ति),(भविष्यन्ति),भू1{कर्तरि;लृट्;प्र;बहु;परस्मैपदी;भ्वादिः}/भविष्यत्{नपुं;8;बहु},भू1{कर्तरि;लृट्;प्र;बहु;परस्मैपदी;भ्वादिः},-,-
8.1,.,.,-,-,-,-
