anvaya_no,word,sandhied_word,morph_analysis,morph_in_context,kaaraka_sambandha,possible_relations
1.1,(सः),(सः),तद्{सर्वनाम;पुं;1;एक},तद्{सर्वनाम;पुं;1;एक},"कर्म,3.1","कर्म,3.1"
2.1,सर्व-,सर्व-पापैः,सर्व,सर्व,"कर्मधारयः,2.2","कर्मधारयः,2.2"
2.2,पापैः,--,पाप{नपुं;3;बहु}/पाप{पुं;3;बहु},पाप{नपुं;3;बहु},"कर्ता,3.1","कर्ता,3.1#करणम्,3.1#हेतुः,3.1"
3.1,प्रमुच्यते,प्रमुच्यते,प्र_मुच्1{कर्मणि;लट्;प्र;एक;आत्मनेपदी;तुदादिः},प्र_मुच्1{कर्मणि;लट्;प्र;एक;आत्मनेपदी;तुदादिः},"अभिहित_कर्म,1.1;सकर्मक",-
4.1,.,.,-,-,-,-
