anvaya_no,word,sandhied_word,morph_analysis,morph_in_context,kaaraka_sambandha,possible_relations
1.1,चातुर्वर्ण्यम्,चातुर्वर्ण्यं,चातुर्वर्ण्य{नपुं;1;एक}/चातुर्वर्ण्य{नपुं;2;एक},चातुर्वर्ण्य{नपुं;2;एक},"कर्म,8.1","कर्म,8.1#कर्म,3.1#कर्ता,8.1"
2.1,च,च,च{अव्य},च{अव्य},"सम्बन्धः,1.1","सुप्_समुच्चय_द्योतकः,1.1#सम्बन्धः,1.1"
3.1,लोके,लोके,लोक्1{कर्तरि;लट्;उ;एक;आत्मनेपदी;भ्वादिः}/लोक{पुं;7;एक},लोक{पुं;7;एक},"अधिकरणम्,8.1","अधिकरणम्,8.1"
4.1,अस्मिन्,अस्मिन्,इदम्{सर्वनाम;पुं;7;एक}/इदम्{सर्वनाम;नपुं;7;एक},इदम्{सर्वनाम;पुं;7;एक},"विशेषणम्,3.1","विशेषणम्,7.1#अधिकरणम्,8.1#अधिकरणम्,3.1#विशेषणम्,3.1"
5.1,स्वे,स्वे,स्व{पुं;7;एक},स्वे{पुं;7;एक},"वीप्सा,6.1","वीप्सा,6.1"
6.1,स्वे,स्वे,स्व{पुं;7;एक},स्व{पुं;7;एक},"विशेषणम्,7.1","विशेषणम्,7.1"
7.1,धर्मे,धर्मे,धर्म{पुं;7;एक}/धर्म{नपुं;8;द्वि}/धर्म{नपुं;1;द्वि}/धर्म{नपुं;2;द्वि}/धर्म{नपुं;7;एक}/धर्मा{स्त्री;8;एक}/धर्मा{स्त्री;8;द्वि}/धर्मा{स्त्री;1;द्वि}/धर्मा{स्त्री;2;द्वि},धर्म{पुं;7;एक},"अधिकरणम्,8.1","सुप्_समुच्चितः,1.1#कर्म,8.1#कर्म,3.1#सम्बोध्यः,8.1#सम्बोध्यः,3.1#विशेषणम्,4.1#अधिकरणम्,8.1#अधिकरणम्,3.1#विशेषणम्,3.1"
8.1,नियोक्ष्यति,नियोक्ष्यति,नि_युज्2{कर्तरि;लृट्;प्र;एक;परस्मैपदी;रुधादिः},नि_युज्2{कर्तरि;लृट्;प्र;एक;परस्मैपदी;रुधादिः},सकर्मक,-
9.1,.,.,-,-,-,-
