anvaya_no,word,sandhied_word,morph_analysis,morph_in_context,kaaraka_sambandha,possible_relations
1.1,न,न,न{अव्य},न{अव्य},"प्रतिषेधः,6.1","प्रतिषेधः,6.1"
2.1,च,च,च{अव्य},च{अव्य},"सम्बन्धः,1.1","सुप्_समुच्चय_द्योतकः,1.1#सम्बन्धः,1.1"
3.1,अपि,अपि,अपि{अव्य},अपि{अव्य},"सम्बन्धः,2.1","सुप्_समुच्चितः,1.1#सुप्_समुच्चय_द्योतकः,2.1#सम्बन्धः,2.1"
4.1,क्षुद्-,क्षुद्-भयं,क्षुद्,क्षुद्,"पञ्चमी-तत्पुरुषः,4.2","पञ्चमी-तत्पुरुषः,4.2"
4.2,भयम्,--,भय{नपुं;1;एक}/भय{नपुं;2;एक}/भय{पुं;2;एक},भय{नपुं;1;एक},"कर्ता,6.1","कर्ता_बे_वेर्ब्स्,6.1"
5.1,तत्र,तत्र,तत्र{अव्य},तत्र{अव्य},"देशाधिकरणम्,6.1","देशाधिकरणम्,6.1#सुप्_समुच्चितः,2.1#सुप्_समुच्चितः,1.1"
6.1,(भविष्यति),-,भू1{कर्तरि;लृट्;प्र;एक;परस्मैपदी;भ्वादिः},भू1{कर्तरि;लृट्;प्र;एक;परस्मैपदी;भ्वादिः},"अभिहित_कर्ता,4.2",-
7.1,-,-,-,-,-,-
