anvaya_no,word,sandhied_word,morph_analysis,morph_in_context,kaaraka_sambandha,possible_relations
1.1,न,न,न{अव्य},न{अव्य},"प्रतिषेधः,4.1","प्रतिषेधः,4.1"
2.1,पुत्र-,पुत्र-मरणं,पुत्र,पुत्र,"षष्ठी-तत्पुरुषः,2.2","षष्ठी-तत्पुरुषः,2.2"
2.2,मरणम्,--,मरण{नपुं;1;एक}/मरण{नपुं;2;एक}/मरण{पुं;2;एक},मरण{नपुं;2;एक},"कर्म,4.1","कर्म,4.1"
3.1,केचित्,केचित्,किञ्चित्{सर्वनाम;पुं;1;बहु}/किञ्चित्{सर्वनाम;नपुं;1;द्वि}/किञ्चित्{सर्वनाम;नपुं;2;द्वि}/किञ्चित्{सर्वनाम;स्त्री;1;द्वि}/किञ्चित्{सर्वनाम;स्त्री;2;द्वि},किञ्चित्{सर्वनाम;पुं;1;बहु},"विशेषणम्,5.1","कर्म,4.1#विशेषणम्,5.1#कर्ता,4.1"
4.1,द्रक्ष्यन्ति,द्रक्ष्यन्ति,दृश्1{कर्तरि;लृट्;प्र;बहु;परस्मैपदी;भ्वादिः},दृश्1{कर्तरि;लृट्;प्र;बहु;परस्मैपदी;भ्वादिः},"अभिहित_कर्ता,5.1;सकर्मक",-
5.1,पुरुषाः,पुरुषाः,पुरुष{पुं;1;बहु}/पुरुष{पुं;8;बहु},पुरुष{पुं;1;बहु},"कर्ता,4.1","सम्बोध्यः,4.1#कर्ता,4.1"
6.1,क्वचित्,क्वचित्,क्वचित्{अव्य},क्वचित्{अव्य},"सम्बन्धः,4.1","सम्बन्धः,4.1"
7.1,.,.,-,-,-,-
