anvaya_no,word,sandhied_word,morph_analysis,morph_in_context,kaaraka_sambandha,possible_relations
1.1,न,न,न{अव्य},न{अव्य},"प्रतिषेधः,6.1","प्रतिषेधः,6.1"
2.1,च,च,च{अव्य},च{अव्य},"सम्बन्धः,1.1","सुप्_समुच्चय_द्योतकः,1.1#सम्बन्धः,1.1"
3.1,वात-,वात-जम्,वात(वा1;क्त;अदादिः),वात(वा1;क्त;अदादिः),"उपपद-तत्पुरुषः,3.2","उपपद-तत्पुरुषः,3.2"
3.2,जम्,--,ज{पुं;2;एक}/ज{नपुं{1;एक}/ज{नपुं{2;एक},ज{नपुं;1;एक},"विशेषणम्,4.1","विशेषणम्,5.1#विशेषणम्,4.1#विधेय_विशेषणम्,4.1#कर्ता_बे_वेर्ब्स्,6.1"
4.1,भयम्,भयम्,भय{नपुं;1;एक}/भय{नपुं;2;एक},भय{नपुं;1;एक},"कर्ता,6.1","कर्ता_बे_वेर्ब्स्,6.1"
5.1,किञ्चत्,किञ्चत्,किञ्चित्{सर्वनाम;नपुं;1;एक}/किञ्चित्{सर्वनाम;नपुं;2;एक},किञ्चित्{सर्वनाम;नपुं;1;एक},"विशेषणम्,4.1","विशेषणम्,4.1#विशेषणम्,3.2#कर्ता_बे_वेर्ब्स्,6.1#सुप्_समुच्चितः,1.1"
6.1,(भविष्यति),(भविष्यति),भू1{कर्तरि;लृट्;प्र;एक;परस्मैपदी;भ्वादिः},भू1{कर्तरि;लृट्;प्र;एक;परस्मैपदी;भ्वादिः},"अभिहित_कर्ता,4.1",-
7.1,.,.,-,-,-,-
