anvaya_no,word,sandhied_word,morph_analysis,morph_in_context,kaaraka_sambandha,possible_relations
1.1,भूमि-,भूमि-पतित्वम्,भूमि,भूमि,"षष्ठी-तत्पुरुषः,1.2","षष्ठी-तत्पुरुषः,1.2"
1.2,पतित्वम्,--,पति{त्व;नपुं;1;एक}/पति{त्व;नपुं;2;एक},पति{त्व;नपुं;2;एक},"कर्म,2.1","कर्म,2.1#कर्ता,2.1"
2.1,ईयात्,ईयात्,इ1{कर्तरि;आशीर्लिङ्;प्र;एक;परस्मैपदी;अदादिः},इ1{कर्तरि;आशीर्लिङ्;प्र;एक;परस्मैपदी;अदादिः},-,-
3.1,.,.,-,-,-,-
