anvaya_no,word,sandhied_word,morph_analysis,morph_in_context,kaaraka_sambandha,possible_relations
1.1,वणिक्-,वणिक्-जनः,वणिज्,वणिज्,"कर्मधारय,1.2","कर्मधारय,1.2"
1.2,जनः,--,जन{पुं;1;एक}/जनस्{पुं;8;एक},जन{पुं;1;एक},"कर्ता,3.1","सम्बोध्यः,3.1#कर्ता,3.1"
2.1,पण्य-,पण्य-फलम्,पण्य(पण्1;यत्;भ्वादिः),पण्य(पण्1;यत्;भ्वादिः),"षष्ठी-तत्पुरुषः,2.2","षष्ठी-तत्पुरुषः,2.2"
2.2,फलत्वम्,--,फल{त्व;नपुं;1;एक}/फल{त्व;नपुं;2;एक},फल{त्व;नपुं;2;एक},"कर्म,3.1","कर्म,3.1#कर्ता,3.1"
3.1,ईयात्,ईयात्,इ1{कर्तरि;आशीर्लिङ्;प्र;एक;परस्मैपदी;अदादिः},इ1{कर्तरि;आशीर्लिङ्;प्र;एक;परस्मैपदी;अदादिः},"अभिहित_कर्ता,1.2;सकर्मक",-
4.1,.,.,-,-,-,-
