anvaya_no,word,sandhied_word,morph_analysis,morph_in_context,kaaraka_sambandha,possible_relations
1.1,जनः,जनः,जन{पुं;1;एक},जन{पुं;1;एक},"कर्ता,6.1","सुप्_समुच्चितः,3.1#कर्ता,6.1"
2.1,च,च,च{अव्य},च{अव्य},"सम्बन्धः,6.1","समुच्चय_द्योतकः,6.1#सम्बन्धः,1.1#सम्बन्धः,6.1"
3.1,शूद्रः,शूद्रः,शूद्र{पुं;1;एक},शूद्र{पुं;1;एक},"विशेषणम्,1.1","विशेषणम्,1.1#सुप्_समुच्चितः,1.1#कर्ता,6.1"
4.1,अपि,अपि,अपि{अव्य},अपि{अव्य},"सम्बन्धः,3.1","सुप्_समुच्चय_द्योतकः,3.1#सम्बन्धः,3.1"
5.1,महत्त्वम्,महत्त्वम्,महत्त्व{नपुं;1;एक}/महत्त्व{नपुं;2;एक},महत्त्व{नपुं;2;एक},"कर्म,6.1","कर्म,6.1#सुप्_समुच्चितः,3.1#सुप्_समुच्चितः,1.1#कर्ता,6.1"
6.1,ईयात्,ईयात्,इ1{कर्तरि;आशीर्लिङ्;प्र;एक;परस्मैपदी;अदादिः},इ1{कर्तरि;आशीर्लिङ्;प्र;एक;परस्मैपदी;अदादिः},"अभिहित_कर्ता,1.1;सकर्मक",-
7.1,.,.,-,-,-,-
