anvaya_no,word,sandhied_word,morph_analysis,morph_in_context,kaaraka_sambandha,possible_relations
1.1,पठन्,पठन्,पठत्{पुं;1;एक(पठ्1;शतृ_लट्;भ्वादिः)},पठत्{पुं;1;एक(पठ्1;शतृ_लट्;भ्वादिः)},"विशेषणम्,2.1","वर्तमानसमानकालः,4.1#कर्ता,4.1#विशेषणम्,2.1"
2.1,द्विजः,द्विजः,द्विज{पुं;1;एक},द्विज{पुं;1;एक},"कर्ता,4.1","कर्ता,4.1"
3.1,वाक्-,वाक्-ऋषभत्वम्,वाच्,वाच्,"षष्ठी-तत्पुरुषः,3.2","षष्ठी-तत्पुरुषः,3.2"
3.2,ऋषभत्वम्,--,ऋषभ{त्व;नपुं;1;एक}/ऋषभ{त्व;नपुं;2;एक},ऋषभ{त्व;नपुं;2;एक},"कर्म,4.1","कर्म,4.1#कर्म,1.1#कर्ता,4.1"
4.1,ईयात्,ईयात्,इ1{कर्तरि;आशीर्लिङ्;प्र;एक;परस्मैपदी;अदादिः},इ1{कर्तरि;आशीर्लिङ्;प्र;एक;परस्मैपदी;अदादिः},"अभिहित_कर्ता,2.1;सकर्मक",-
5.1,.,.,-,-,-,-
